Fecha, Total, Money Orders, Cheques Personales, Transferencias Electrónicas, Efectivo y Especie, Total op, Money Orders op, Cheques Personales op, Transferencias Electrónicas op, Efectivo y Especie op
01/01/1995,254.5724,98.1427,2.0648,132.8102,21.5547,767.893,344.927,5.435,380.433,37.098
01/02/1995,248.0605,90.7991,1.4335,131.3008,24.5272,755.267,307.813,4.669,395.02,47.765
01/03/1995,287.3645,104.209,2.0369,157.2022,23.9163,894.602,345.051,4.817,477.003,67.732
01/04/1995,298.9135,118.2196,2.792,155.2538,22.648,919.767,388.086,6.256,467.321,58.104
01/05/1995,357.7396,144.386,2.726,189.6743,20.9533,1132.711,477.871,5.424,604.641,44.775
01/06/1995,352.3695,142.5336,2.7017,175.5759,31.5583,1026.296,398.018,5.424,567.992,54.862
01/07/1995,342.8993,132.0604,1.3004,179.4495,30.089,986.847,378.907,3.619,546.209,58.112
01/08/1995,362.2739,155.8545,2.8595,175.6895,27.8705,1015.416,413.017,7.879,553.467,41.053
01/09/1995,314.1492,134.9185,1.5737,161.3099,16.3471,940.423,372.757,3.861,532.949,30.856
01/10/1995,324.5033,124.9983,3.1779,172.5369,23.7902,1099.205,378.451,5.454,667.468,47.832
01/11/1995,255.5922,98.3346,1.6128,132.4554,23.1894,814.054,284.811,3.149,474.632,51.462
01/12/1995,274.2883,111.8314,1.9221,127.9724,32.5624,910.671,331.224,4.464,477.498,97.485
01/01/1996,313.5091,117.252,2.6261,149.2343,44.3967,960.939,333.176,5.256,556.645,65.863
01/02/1996,281.9257,100.6053,1.1009,151.0169,29.2027,903.741,286.6,2.593,566.266,48.282
01/03/1996,337.3185,116.176,5.2858,183.8997,31.957,1057.313,341.396,10.069,650.016,55.831
01/04/1996,393.3877,152.621,9.5368,205.5746,25.6553,1204.258,452.61,12.84,693.978,44.83
01/05/1996,413.542,145.4985,8.045,222.5487,37.4498,1336.139,464.596,13.392,799.698,58.452
01/06/1996,365.2451,130.7826,9.8696,197.7678,26.825,1126.757,359.662,12.743,703.132,51.22
01/07/1996,373.6705,138.2641,7.5525,197.9108,29.9431,1150.911,358.363,10.84,712.061,69.647
01/08/1996,386.0666,151.9365,10.6265,193.105,30.3987,1244.601,440.256,15.073,716.266,73.006
01/09/1996,339.2533,115.2315,4.2409,189.2801,30.5007,1046.666,291.698,6.627,706.107,42.233
01/10/1996,348.901,128.2713,5.5765,192.4295,22.6238,1120.643,346.77,7.494,734.672,31.707
01/11/1996,315.6016,99.9469,4.2519,167.5603,43.8424,952.588,254.922,6.079,635.683,55.904
01/12/1996,355.2609,123.1132,6.08,171.5172,54.5504,1103.501,296.813,7.173,687.997,111.518
01/01/1997,338.6477,117.607,4.3898,167.6006,49.0504,1105.493,383.508,5.95,615.76,100.275
01/02/1997,331.5918,110.2971,2.0718,185.9408,33.2821,1044.467,314.473,2.178,672.06,55.757
01/03/1997,381.9072,123.4019,5.8655,218.8305,33.8093,1214.671,361.4,7.273,789.112,56.886
01/04/1997,425.5386,155.3842,5.5838,235.3906,29.1801,1325.21,456.478,7.528,817.305,43.899
01/05/1997,486.6894,168.1975,10.9127,268.3548,39.2244,1492.847,443.462,16.71,971.627,61.048
01/06/1997,453.5596,174.7165,10.3746,242.0224,26.4462,1444.537,518.072,12.414,858.765,55.287
01/07/1997,441.6863,173.2139,6.6553,232.2968,29.5202,1393.293,472.231,9.244,836.641,75.177
01/08/1997,428.9022,156.4143,6.5981,235.9204,29.9693,1353.757,419.062,3.713,852.18,78.803
01/09/1997,431.4678,158.4465,6.5413,236.4101,30.07,1353.578,437.852,3.681,866.459,45.586
01/10/1997,421.6681,159.8338,6.4851,233.045,22.3043,1329.152,419.679,3.649,871.599,34.224
01/11/1997,343.4307,108.2239,6.4293,185.5544,43.2232,1087.168,309.897,3.618,713.311,60.343
01/12/1997,379.755,123.0781,6.374,196.5229,53.78,1224.414,329.053,3.587,771.402,120.372
01/01/1998,382.5317,111.8904,4.7625,215.7764,50.1024,1274.618,340.843,6.787,856.914,70.073
01/02/1998,366.3982,103.0103,3.5756,222.9982,36.8141,1244.226,311.423,5.197,876.118,51.488
01/03/1998,427.1949,122.9946,3.67,263.8631,36.6673,1466.773,365.541,5.235,1044.714,51.283
01/04/1998,439.995,161.1573,5.1911,240.2355,33.4111,1450.673,452.389,6.759,944.797,46.729
01/05/1998,520.3739,170.0546,6.6678,297.5722,46.0794,1827.469,534.644,8.681,1219.697,64.447
01/06/1998,503.4876,193.0901,5.253,272.6981,32.4464,1737.814,609.122,6.839,1076.473,45.38
01/07/1998,494.3256,179.7522,5.5211,279.5321,29.5202,1681.947,527.419,7.188,1106.052,41.287
01/08/1998,486.607,169.7849,5.2986,281.5542,29.9693,1704.272,514,6.899,1141.459,41.915
01/09/1998,476.2905,161.8645,5.389,278.9671,30.07,1677.719,491.459,7.016,1137.187,42.056
01/10/1998,454.6739,153.3686,5.177,273.8239,22.3043,1619.82,465.663,6.74,1116.222,31.195
01/11/1998,460.6924,148.2942,5.409,263.766,43.2232,1592.972,450.256,7.042,1075.221,60.452
01/12/1998,614.271,195.451,5.58,359.46,53.78,2141.228,593.435,7.265,1465.311,75.217
01/01/1999,399.6423,95.5724,2.9452,249.6218,51.5029,1356.784,247.859,4.237,1032.656,72.032
01/02/1999,388.8511,88.336,1.9428,263.626,34.9462,1390.124,242.786,2.027,1096.436,48.876
01/03/1999,464.8977,112.8963,2.8645,313.6372,35.4997,1638.306,282.796,3.679,1302.181,49.65
01/04/1999,469.1828,110.6934,2.963,324.8874,30.6391,1650.796,278.653,4.477,1324.814,42.852
01/05/1999,571.562,140.8904,3.415,386.071,41.1856,2082.81,378.663,4.698,1641.847,57.602
01/06/1999,521.9225,141.4545,5.8997,346.7998,27.7685,1829.727,363.195,5.695,1421.999,38.837
01/07/1999,506.6642,132.1972,6.0676,337.88,30.5193,1781.513,337.43,6.2,1394.532,43.351
01/08/1999,532.0997,145.0551,5.7025,350.3584,30.9837,1852.997,350.645,6.2,1452.141,44.011
01/09/1999,490.4829,131.4046,5.4602,322.5303,31.0877,1748.812,331.671,6.2,1366.782,44.159
01/10/1999,474.5069,114.4552,4.6257,332.3668,23.0592,1779.574,292.573,5.23,1449.016,32.755
01/11/1999,502.0073,112.5269,4.4857,340.3085,44.6862,1821.208,276.145,4.926,1476.663,63.475
01/12/1999,587.7353,122.8688,4.8354,366.9473,93.0837,2004.655,297.216,5.297,1619.404,82.738
01/01/2000,456.2456,108.3258,0.6069,294.7799,52.533,1236.025,273.196,1.436,890.114,71.279
01/02/2000,447.187,104.2078,0.4648,306.5198,35.9946,1235.996,259.316,0.626,929.966,46.088
01/03/2000,494.4502,117.0774,1.0388,339.7692,36.5647,1384.829,310.785,1.339,1020.767,51.939
01/04/2000,498.8308,116.7947,0.7745,349.397,31.8646,1391.477,308.072,1.424,1037.414,44.566
01/05/2000,590.7496,152.1522,0.7745,395.4018,42.4211,1679.443,407.526,1.424,1212.061,58.431
01/06/2000,541.5775,136.3405,0.7745,375.5832,28.8792,1482.547,348.403,1.424,1095.215,37.505
01/07/2000,557.598,110.2178,0.708,414.8139,31.8583,1542.513,277.07,1.316,1230.746,33.382
01/08/2000,608.0612,138.2823,0.708,436.907,32.164,1655.58,329.894,1.316,1278.683,45.688
01/09/2000,568.5493,124.6318,0.708,410.9375,32.272,1605.247,310.92,1.316,1247.17,45.841
01/10/2000,559.5235,106.6314,0.6775,428.4719,23.7427,1665.179,263.036,1.232,1340.091,60.82
01/11/2000,583.1218,104.7031,0.6775,431.3527,46.3885,1492.198,246.608,1.232,1178.465,65.893
01/12/2000,666.8485,115.045,0.6775,458.0423,93.0837,1628.001,267.679,1.232,1276.352,82.738
01/01/2001,654.982,71.5006,1.7057,554.2757,27.5,2061.018,159.557,2.044,1857.109,42.308
01/02/2001,637.6737,55.0787,0.957,557.4381,24.2,2073.544,138.441,0.897,1896.975,37.231
01/03/2001,718.055,72.7622,0.6377,620.4551,24.2,2247.515,177.925,0.424,2031.935,37.231
01/04/2001,734.8058,90.6161,0.1146,633.2468,10.8283,2323.767,217.719,0.199,2081.483,24.366
01/05/2001,798.2438,80.6416,1.2052,700.0534,16.3436,2569.346,184.129,0.872,2349.467,34.877
01/06/2001,747.837,67.3577,1.2052,668.2741,11,2347.169,153.852,0.872,2167.753,24.691
01/07/2001,796.5951,77.8116,0.7,702.8794,15.2042,2423.874,185.708,0.853,2203.898,33.416
01/08/2001,789.3075,60,0.7,708.8251,19.7824,2414.377,143.198,0.853,2226.849,43.478
01/09/2001,772.0803,52.5214,0.7,707.8588,11,2324.147,125.349,0.853,2173.769,24.176
01/10/2001,792.8295,60.8004,0.7,708.4849,22.8442,2440.301,145.108,0.75,2244.236,50.207
01/11/2001,693.8224,49.0163,0.7504,619.2963,24.7594,2158.431,116.984,0.78,1986.25,54.416
01/12/2001,759.0318,65.1815,0.8025,602.4451,90.6027,2360.785,155.564,0.84,2026.729,177.652
01/01/2002,711.043,65.389,1.782,615.327,28.545,2225.202,151.323,2.115,2030.334,41.43
01/02/2002,718.865,55.804,1,637.014,25.047,2262.829,133.636,0.929,2088.82,39.444
01/03/2002,744.527,62.045,0.672,650.185,31.625,2301.491,144.616,0.445,2106.627,49.803
01/04/2002,805.872,66.374,0.739,720.946,17.813,2496.517,165.413,0.775,2302.278,28.051
01/05/2002,912.205,69.606,0.126,820.528,21.945,2765.656,191.661,0.141,2542.726,31.128
01/06/2002,860.003,57.657,1.145,784.742,16.459,2514.831,155.603,0.916,2332.991,25.321
01/07/2002,843.0738,56.3331,0.665,769.5207,16.555,2491.273,154.526,0.699,2310.579,25.469
01/08/2002,849.1376,52.6956,0.7018,777.9752,17.765,2565.904,149.703,0.851,2389.416,25.934
01/09/2002,860.5997,51.9961,0.661,794.3575,13.585,2505.334,141.907,0.718,2343.841,18.868
01/10/2002,848.283,50.939,0.6,779.584,17.16,2615.013,121.573,0.652,2467.553,25.235
01/11/2002,741.438,45.586,0.85,675.202,19.8,2305.502,108.797,0.977,2168.418,27.31
01/12/2002,919.401,52.084,1.12,772.697,93.5,2904.299,161.25,1.244,2620.376,121.429
01/01/2003,1051.2547,116.5441,1.2,914.5116,18.999,3443.376,334.457,1.3,3079.619,28
01/02/2003,979.7597,102.463,1.3,855.3717,20.625,3168.45,288.764,1.4,2847.73,30.556
01/03/2003,1139.1124,130.9429,1.7,990.5745,15.895,3717.109,364.945,1.8,3330.098,20.266
01/04/2003,1202.5097,136.0511,1.8217,1048.637,16,3801.331,379.149,1.863,3399.319,21
01/05/2003,1350.9669,170.8914,0.4,1159.6755,20,4470.832,483.425,0.5,3960.907,26
01/06/2003,1351.1707,160.011,0,1181.6596,9.5,4205.958,426.603,0,3767.355,12
01/07/2003,1361.362,160.5845,0,1180.4055,20.372,4156.795,422.406,0,3707.043,27.346
01/08/2003,1401.2462,154.9001,0,1228.3461,18,4277.543,391.963,0,3861.88,23.7
01/09/2003,1365.5085,147.296,0,1201.2125,17,4259.673,368.91,0,3867.763,23
01/10/2003,1391.0112,139.1831,0,1239.1281,12.7,4365.716,382.188,0,3966.011,17.517
01/11/2003,1203.7084,114.4891,0,1078.2193,11,3828.254,301.245,0,3512.009,15
01/12/2003,1341.0761,131.9213,0,1134.6548,74.5,4290.899,353.994,0,3833,103.905
01/01/2004,1081.8635,128.4658,0,938.3734,15.0244,3559.883,335.18,0,3207.314,17.389
01/02/2004,1171.7737,127.2168,0,1026.5277,18.0292,3763.968,322.201,0,3418.352,23.415
01/03/2004,1480.224,164.2584,0,1303.4372,12.5285,4606.875,393.342,0,4196.939,16.594
01/04/2004,1513.5151,163.3316,0,1337.4409,12.7426,4583.33,399.248,0,4167.359,16.723
01/05/2004,1770.3978,177.1527,0,1575.8351,17.41,5588.379,468.005,0,5098.747,21.627
01/06/2004,1684.7248,171.2855,0,1500.6967,12.7426,5181.209,456.302,0,4708.184,16.723
01/07/2004,1654.376,161.7648,0,1476.5385,16.0728,4982.541,386.512,0,4575.554,20.475
01/08/2004,1786.8078,163.1248,0,1612.2292,11.4538,5451.303,394.705,0,5038.079,18.519
01/09/2004,1586.8407,152.2337,0,1424.1306,10.4765,4806.946,355.863,0,4437.905,13.178
01/10/2004,1529.9477,152.4291,0,1361.5532,15.9654,4744.869,362.774,0,4357.978,24.117
01/11/2004,1506.1644,143.4161,0,1346.783,15.9654,4666.32,329.706,0,4312.497,24.117
01/12/2004,1565.1123,164.9872,0,1324.9251,75.2,5077.775,398.989,0,4569.005,109.781
01/01/2005,1367.5563,142.8181,0,1209.7138,15.0244,4292.145,331.019,0,3943.737,17.389
01/02/2005,1428.377,125.9154,0,1280.4639,21.9977,4426.62,298.159,0,4100.186,28.275
01/03/2005,1691.5896,152.3667,0,1526.0638,13.1591,5128.202,358.276,0,4752.657,17.269
01/04/2005,1753.3032,141.4395,0,1589.6897,22.174,5229.634,326.746,0,4874.855,28.033
01/05/2005,2057.2773,158.3554,0,1883.4696,15.4523,6365.631,407.27,0,5939.378,18.983
01/06/2005,1923.2802,155.8387,0,1755.4414,12,5702.299,361.742,0,5325.172,15.385
01/07/2005,1840.3006,144.9324,0,1675.3683,20,5362.154,322.878,0,5013.96,25.316
01/08/2005,2059.2229,160.1523,0,1878.6064,20.4642,5937.003,363.425,0,5548.695,24.883
01/09/2005,1885.9905,138.2636,0,1732.8538,14.8731,5580.003,365.427,0,5195.938,18.638
01/10/2005,1862.2776,135.234,0,1710.8652,16.1784,5512.977,299.57,0,5192.377,21.03
01/11/2005,1886.9538,130.0911,0,1736.0231,20.8397,5542.204,281.783,0,5232.598,27.823
01/12/2005,1932.142,162.461,0,1688.681,81,5842.828,350.612,0,5389.814,102.402
01/01/2006,1758.3057,130.1507,0,1611.0557,17.0993,5293.97,283.773,0,4990.76,19.437
01/02/2006,1823.1898,108.7512,0,1699.2707,15.1678,5364.648,233.657,0,5111.021,19.97
01/03/2006,2152.8362,130.6042,0,2005.3921,16.84,6155.674,294.967,0,5838.914,21.793
01/04/2006,2072.7017,100.9622,0,1952.6704,19.0691,5935.558,219.184,0,5690.284,26.09
01/05/2006,2534.599,127.9127,0,2365.5199,41.1665,7286.61,286.683,0,6933.115,66.812
01/06/2006,2340.2623,120.8983,0,2186.3497,33.0143,6629.665,267.052,0,6293.496,69.117
01/07/2006,2191.6469,106.0077,0,2045.4146,40.2247,6312.867,229.157,0,6006.21,77.5
01/08/2006,2334.2835,112.337,0,2191.594,30.3524,6624.716,231.222,0,6338.836,54.658
01/09/2006,2140.9586,98.6337,0,2017.6445,24.6804,6186.951,205.443,0,5931.709,49.799
01/10/2006,2316.5244,120.2124,0,2167.156,29.156,6757.439,219.129,0,6482.572,55.738
01/11/2006,1962.802,98.9566,0,1835.5853,28.2601,5726.063,185.389,0,5479.22,61.454
01/12/2006,1938.7249,104.2802,0,1776.3068,58.138,5910.447,188.962,0,5601.55,119.935
01/01/2007,1872.9292,102.7903,0,1733.3217,36.8172,5573.122,187.776,0,5322.474,62.872
01/02/2007,1856.7782,81.2659,0,1751.3013,24.211,5450.352,143.061,0,5260.671,46.62
01/03/2007,2186.5239,82.4136,0,2073.6296,30.4807,6244.976,146.885,0,6037.531,60.56
01/04/2007,2166.564,75.3586,0,2059.1296,32.0758,6232.251,129.497,0,6043.772,58.982
01/05/2007,2480.6564,85.0179,0,2367.7561,27.8824,7359.186,175.544,0,7117.908,65.734
01/06/2007,2300.5755,75.5279,0,2193.1998,31.8478,6597.32,134.906,0,6393.267,69.147
01/07/2007,2469.4671,73.9407,0,2356.4579,39.0686,6967.647,133.489,0,6753.666,80.492
01/08/2007,2514.9439,63.2027,0,2421.0002,30.741,6964.566,120.453,0,6783.046,61.067
01/09/2007,2284.105,46.3387,0,2211.376,26.3902,6482.961,86.085,0,6342.305,54.571
01/10/2007,2465.5833,55.2256,0,2377.8216,32.5361,7218.992,107.623,0,7052.896,58.473
01/11/2007,2047.0797,50.9888,0,1965.8017,30.2893,5990.194,90.051,0,5845.17,54.973
01/12/2007,2050.7298,67.5997,0,1928.9809,54.1493,6347.991,130.499,0,6104.042,113.45
01/01/2008,1781.6996,72.4261,0,1665.5578,43.7157,5286.971,155.201,0,5068.134,63.636
01/02/2008,1942.0303,47.1976,0,1870.0964,24.7363,5688.376,100.992,0,5539.792,47.592
01/03/2008,2206.3771,45.8427,0,2129.5517,30.9826,6368.96,99.194,0,6206.433,63.333
01/04/2008,2278.089,47.2757,0,2201.9012,28.9121,6423.182,98.467,0,6273.935,50.78
01/05/2008,2477.9622,52.0587,0,2392.7497,33.1538,7398.024,164.108,0,7174.735,59.181
01/06/2008,2366.006,51.3002,0,2275.1238,39.582,6754.203,107.114,0,6573.193,73.896
01/07/2008,2278.9294,55.4198,0,2177.1717,46.3379,6441.519,115.366,0,6245.713,80.44
01/08/2008,2198.5254,48.4836,0,2115.0786,34.9632,6389.278,111.654,0,6211.735,65.889
01/09/2008,2208.0883,44.7614,0,2133.962,29.3649,6408.133,108.757,0,6245.457,53.919
01/10/2008,2759.2451,49.3874,0,2680.2881,29.5696,6969.209,99.239,0,6812.458,57.512
01/11/2008,1834.3372,35.136,0,1767.754,31.4472,5491.741,81.976,0,5345.695,64.07
01/12/2008,1853.9266,49.3545,0,1744.6879,59.8842,5908.969,111.27,0,5681.623,116.076
01/01/2009,1642.9594,38.5747,0,1559.9989,44.3859,5008.323,90.799,0,4858.814,58.71
01/02/2009,1890.6882,32.6506,0,1834.4036,23.6341,5417.468,68.678,0,5301.929,46.861
01/03/2009,2194.4479,36.2006,0,2131.9174,26.3299,6273.15,77.13,0,6134.154,61.866
01/04/2009,1867.0471,34.8346,0,1797.6986,34.5139,5753.303,75.002,0,5599.184,79.117
01/05/2009,1986.2721,33.5561,0,1936.4945,16.2214,6545.927,82.192,0,6424.891,38.844
01/06/2009,2007.8197,36.0538,0,1938.4319,33.3341,6246.638,86.266,0,6086.177,74.195
01/07/2009,1919.4754,32.5176,0,1845.7727,41.1851,5936.868,68.214,0,5759.593,109.061
01/08/2009,1864.1988,28.1276,0,1801.548,34.5232,5990.704,64.885,0,5831.365,94.454
01/09/2009,1808.0308,25.204,0,1766.8594,15.9674,5763.45,56.249,0,5663.382,43.819
01/10/2009,1756.2439,23.9698,0,1710.337,21.9371,5860.327,55.589,0,5748.056,56.682
01/11/2009,1563.7409,25.6083,0,1506.9213,31.2113,5245.85,57.399,0,5104.685,83.766
01/12/2009,1622.8016,38.9248,0,1534.4939,49.3829,5588.606,84.024,0,5390.157,114.425
01/01/2010,1374.0619,33.1635,0,1313.7757,27.1227,4649.545,74.105,0,4514.871,60.569
01/02/2010,1610.3716,27.6889,0,1562.8763,19.8064,5068.663,59.582,0,4962.108,46.973
01/03/2010,2018.3173,36.0574,0,1964.9028,17.3571,6211.993,74.357,0,6088.758,48.878
01/04/2010,1853.3743,33.3951,0,1799.4725,20.5066,5700.317,67.643,0,5570.895,61.779
01/05/2010,2215.0434,35.8925,0,2159.3001,19.8508,6961.523,76.571,0,6828.256,56.696
01/06/2010,1954.6276,34.5168,0,1894.418,25.6929,6076.581,71.142,0,5932.351,73.088
01/07/2010,1937.0854,36.4348,0,1866.1519,34.4987,5911.695,74.133,0,5761.958,75.604
01/08/2010,2022.7421,32.6157,0,1957.9414,32.185,6203.472,68.035,0,6069.551,65.886
01/09/2010,1774.9577,25.5024,0,1731.7168,17.7385,5681.358,55.135,0,5583.492,42.731
01/10/2010,1784.3884,26.0331,0,1737.636,20.7193,5894.768,55.88,0,5791.023,47.865
01/11/2010,1678.5798,28.7074,0,1622.1064,27.7659,5459.442,59.266,0,5337.978,62.198
01/12/2010,1767.7899,39.7354,0,1660.4372,67.6173,5838.684,80.274,0,5611.228,147.182
01/01/2011,1443.6509,27.9006,0,1389.4847,26.2657,4854.148,59.966,0,4736.551,57.631
01/02/2011,1701.9788,12.669,0,1670.0453,19.2644,5183.708,26.433,0,5111.576,45.699
01/03/2011,2117.8914,16.8307,0,2075.9955,25.0652,6161.482,33.274,0,6077.269,50.939
01/04/2011,1939.8625,13.2834,0,1895.9443,30.6347,5850.2,25.619,0,5751.271,73.31
01/05/2011,2236.9868,13.9628,0,2198.1664,24.8577,7045.044,30.737,0,6952.588,61.719
01/06/2011,2089.4759,18.1144,0,2046.0513,25.3102,6219.084,36.831,0,6114.945,67.308
01/07/2011,1972.6129,16.705,0,1915.9556,39.9523,6028.42,34.56,0,5898.294,95.566
01/08/2011,2216.8552,17.5162,0,2171.1046,28.2344,6507.338,34.492,0,6399.04,73.806
01/09/2011,2157.5537,17.615,0,2115.5905,24.3483,6181.758,35.64,0,6098.292,47.826
01/10/2011,1976.2471,15.3008,0,1937.0669,23.8794,6205.902,32.632,0,6121.596,51.674
01/11/2011,1850.3941,16.292,0,1798.9176,35.1844,5668.957,34.227,0,5546.523,88.207
01/12/2011,1843.8366,20.6173,0,1758.9281,64.2912,6174.473,42.862,0,5964.788,166.823
01/01/2012,1555.5014,15.794,0,1507.2125,32.4948,5269.944,33.675,0,5172.831,63.438
01/02/2012,1852.2529,15.2874,0,1818.4289,18.5366,5768.622,32.185,0,5691.425,45.012
01/03/2012,2164.5087,17.5661,0,2114.3697,32.573,6435.989,34.507,0,6314.111,87.371
01/04/2012,2104.2749,16.7704,0,2057.8848,29.6197,6299.087,31.795,0,6200.421,66.871
01/05/2012,2429.1369,20.2651,0,2378.2821,30.5898,7337.265,40.729,0,7233.866,62.67
01/06/2012,2167.6113,16.2264,0,2116.7539,34.631,6503.312,32.242,0,6392.65,78.42
01/07/2012,1926.9582,17.2881,0,1868.0817,41.5883,6120.576,35.086,0,5995.172,90.318
01/08/2012,1967.1665,15.8767,0,1922.6473,28.6426,6451.14,32.899,0,6348.109,70.132
01/09/2012,1734.3221,11.7498,0,1700.9547,21.6176,5845.153,25.368,0,5768.797,50.988
01/10/2012,1848.5677,15.2513,0,1811.385,21.9315,6164.443,31.781,0,6083.818,48.844
01/11/2012,1762.57,13.9469,0,1718.4148,30.2083,5845.716,27.22,0,5747.745,70.751
01/12/2012,1773.4016,18.8082,0,1691.1242,63.4692,6080.094,35.829,0,5911.603,132.662
01/01/2013,1588.9104,16.2644,0,1547.0322,25.6137,5555.896,32.046,0,5464.06,59.79
01/02/2013,1721.9287,16.1508,0,1686.6429,19.135,5887.28,31.001,0,5808.662,47.617
01/03/2013,1935.7183,14.216,0,1899.0368,22.4655,6452.2,28.2,0,6353.974,70.026
01/04/2013,2050.798,15.5498,0,2013.6168,21.6314,6878.321,30.447,0,6794.64,53.234
01/05/2013,2176.62,16.3726,0,2129.9265,30.3209,7646.871,32.314,0,7544.263,70.294
01/06/2013,2067.0878,12.9922,0,2023.7975,30.2981,6871.598,24.417,0,6765.84,81.341
01/07/2013,1945.4921,13.442,0,1898.5469,33.5032,6668.327,25.414,0,6560.432,82.481
01/08/2013,2024.0101,14.4167,0,1981.3609,28.2324,6840.435,27.248,0,6751.766,61.421
01/09/2013,1890.4586,12.4998,0,1856.3487,21.6102,6624.468,24.17,0,6555.297,45.001
01/10/2013,1973.1587,15.5041,0,1931.6506,26.004,6924.432,31.305,0,6838.152,54.975
01/11/2013,1796.2248,28.7915,0,1743.1062,24.3271,6208.508,55.82,0,6084.712,67.976
01/12/2013,1919.63,42.0822,0,1825.6743,51.8735,6776.808,79.446,0,6558.773,138.589
01/01/2014,1706.7546,42.3188,0,1629.4091,35.0267,5848.646,81.813,0,5691.672,75.161
01/02/2014,1788.209,25.3299,0,1736.7296,26.1496,6049.163,49.168,0,5931.447,68.548
01/03/2014,2182.6248,22.0334,0,2130.007,30.5844,7186.867,41.694,0,7069.021,76.152
01/04/2014,2056.9042,25.0028,0,2003.1945,28.7069,6840.991,48.355,0,6720.409,72.227
01/05/2014,2234.0545,24.7731,0,2176.9092,32.3722,7848.718,51.161,0,7718.365,79.192
01/06/2014,2095.8672,23.2124,0,2031.7452,40.9096,7042.32,46.015,0,6889.358,106.947
01/07/2014,2051.0516,16.6134,0,1989.0236,45.4146,6981.456,33.096,0,6827.242,121.118
01/08/2014,2057.7782,15.9162,0,2007.7394,34.1226,7043.568,33.662,0,6916.634,93.272
01/09/2014,2015.0182,16.7834,0,1964.4117,33.8231,6939.63,34.64,0,6834.827,70.163
01/10/2014,2097.4737,17.4721,0,2042.0535,37.9481,7245.272,34.197,0,7126.578,84.497
01/11/2014,1824.4766,16.1308,0,1774.3967,33.9491,6389.227,31.335,0,6271.077,86.815
01/12/2014,2291.6336,21.8847,0,2183.1424,86.6065,7610.563,40.252,0,7371.385,198.926
01/01/2015,1671.4057,20.4238,0,1610.6542,40.3276,6005.902,39.868,0,5886.047,79.987
01/02/2015,1893.1655,14.3237,0,1842.869,35.9728,6344.812,27.479,0,6236.4,80.933
01/03/2015,2305.4392,14.576,0,2255.0109,35.8524,7448.345,27.676,0,7326.014,94.655
01/04/2015,2047.7711,13.4469,0,1993.4106,40.9135,6916.071,25.547,0,6806.641,83.883
01/05/2015,2247.4372,11.9423,0,2194.7557,40.7392,8036.416,24.031,0,7917.751,94.634
01/06/2015,2198.2765,12.4983,0,2146.4037,39.3745,7437.489,23.881,0,7297.353,116.255
01/07/2015,2288.9386,13.4135,0,2232.808,42.7171,7563.356,24.478,0,7409.538,129.34
01/08/2015,2308.932,10.9212,0,2271.8766,26.1343,7770.249,19.998,0,7665.044,85.207
01/09/2015,2097.7903,10.2164,0,2060.134,27.4399,7312.493,18.753,0,7205.32,88.42
01/10/2015,2131.7302,9.9857,0,2095.5388,26.2057,7596.921,18.69,0,7492.529,85.702
01/11/2015,1944.0834,11.1448,0,1895.4206,37.5179,6892.725,20.424,0,6760.065,112.236
01/12/2015,2241.5383,19.2826,0,2138.379,83.8767,7785.863,32.614,0,7535.3,217.949
01/01/2016,1976.3992,15.7037,0,1920.0938,40.6017,6653.091,26.604,0,6544.145,82.342
01/02/2016,2123.221,13.0655,0,2087.6338,22.5216,7356.197,23.386,0,7269.888,62.923
01/03/2016,2235.7849,14.2641,0,2189.891,31.6298,7715.124,25.149,0,7608.788,81.187
01/04/2016,2213.3934,12.9505,0,2169.5743,30.8686,7581.08,22.357,0,7482.032,76.691
01/05/2016,2532.8538,14.9538,0,2482.6803,35.2197,8879.682,25.843,0,8761.966,91.873
01/06/2016,2366.6498,13.1145,0,2311.92,41.6153,7900.972,22.408,0,7766.873,111.691
01/07/2016,2306.0699,13.2187,0,2239.3385,53.5127,7877.98,22.763,0,7713.334,141.883
01/08/2016,2318.9361,12.6945,0,2280.7823,25.4593,7995.928,22.999,0,7899.333,73.596
01/09/2016,2441.427,11.8977,0,2406.8055,22.7239,8037.155,20.871,0,7945.064,71.22
01/10/2016,2273.9136,10.3244,0,2233.549,30.0402,8171.327,20.333,0,8060.041,90.953
01/11/2016,2444.7874,12.1515,0,2392.3429,40.293,7687.677,20.864,0,7548.923,117.89
01/12/2016,2397.7077,14.8957,0,2301.6383,81.1736,8319.902,25.342,0,8079.68,214.88
01/01/2017,2196.0865,15.598,0,2133.1559,47.3327,7451.39,26.703,0,7318.075,106.612
01/02/2017,2191.0386,11.6362,0,2148.262,31.1403,7265.918,20.533,0,7159.466,85.919
01/03/2017,2678.2118,10.706,0,2629.5043,38.0015,8517.648,18.887,0,8400.655,98.106
01/04/2017,2449.3006,9.7732,0,2399.7676,39.7599,8058.312,17.608,0,7947.557,93.147
01/05/2017,2754.1658,14.6914,0,2701.1501,38.3243,9260.125,19.705,0,9137.608,102.812
01/06/2017,2609.611,15.8929,0,2544.795,48.9231,8417.528,27.244,0,8255.647,134.637
01/07/2017,2663.0471,16.4487,0,2588.0576,58.5407,8609.183,27.648,0,8449.213,132.322
01/08/2017,2678.7156,15.5815,0,2622.2224,40.9117,8643.902,25.752,0,8519.512,98.638
01/09/2017,2550.7464,12.1269,0,2506.1209,32.4986,8417.847,20.406,0,8315.919,81.522
01/10/2017,2873.1654,13.0202,0,2822.4114,37.7338,9257.975,22.353,0,9137.816,97.806
01/11/2017,2473.8381,11.2556,0,2414.9146,47.6678,8029.861,19.611,0,7879.991,130.259
01/12/2017,2824.9873,15.3512,0,2723.7239,85.9122,9104.811,24.304,0,8862.528,217.979
01/01/2018,2308.8292,17.8041,0,2228.1,62.9251,7590.056,29.248,0,7428.266,132.542
01/02/2018,2292.3587,11.8572,0,2240.3983,40.1032,7628.06,19.599,0,7514.405,94.056
01/03/2018,2730.9501,10.0238,0,2676.948,43.9783,8823.65,16.728,0,8702.645,104.277
01/04/2018,2816.4145,10.577,0,2771.5302,34.3073,8899.435,17.823,0,8794.569,87.043
01/05/2018,3232.3766,11.5601,0,3182.1404,38.6761,10077.445,18.94,0,9952.122,106.383
01/06/2018,3224.4911,10.276,0,3161.8231,52.392,9468.231,16.217,0,9324.498,127.516
01/07/2018,2930.1358,10.9806,0,2868.2148,50.9404,9108.198,18.093,0,8963.533,126.572
01/08/2018,2961.1494,10.689,0,2885.4761,64.9843,9183.464,17.773,0,9006.582,159.109
01/09/2018,2796.1366,8.4216,0,2747.1388,40.5762,8876.556,13.939,0,8757.398,105.219
01/10/2018,3115.6072,10.6417,0,3064.1378,40.8277,9654.095,17.496,0,9532.959,103.64
01/11/2018,3005.4157,11.0495,0,2964.7637,29.6025,8803.52,16.788,0,8676.738,109.994
01/12/2018,3021.2516,15.2807,0,2909.5567,96.4142,9516.279,22.992,0,9289.245,204.042
01/01/2019,2527.5581,15.6075,0,2468.3361,43.6146,8113.101,23.653,0,7983.249,106.199
01/02/2019,2506.4369,11.5071,0,2465.3511,29.5787,8073.921,17.209,0,7980.05,76.662
01/03/2019,3038.1022,11.6908,0,2996.2847,30.1267,9528.064,17.646,0,9418.332,92.086
01/04/2019,3014.8781,11.0561,0,2967.4524,36.3697,9396.292,16.955,0,9298.945,80.392
01/05/2019,3387.2534,12.0009,0,3343.8131,31.4395,10537.108,18.287,0,10434.232,84.589
01/06/2019,3293.2442,10.6777,0,3253.6591,28.9073,9839.07,15.85,0,9730.111,93.109
01/07/2019,3371.3039,13.4944,0,3325.3478,32.4617,9940.381,19.381,0,9822.481,98.519
01/08/2019,3487.494,12.0129,0,3453.4524,22.0288,10148.002,17.01,0,10074.478,56.514
01/09/2019,3181.9307,9.4242,0,3152.6973,19.8092,9701.773,14.118,0,9629.009,58.646
01/10/2019,3238.0284,10.1525,0,3207.0513,20.8246,10051.686,15.22,0,9979.933,56.533
01/11/2019,3006.514,10.5337,0,2974.4237,21.5566,9131.283,15.214,0,9049.648,66.421
01/12/2019,3197.7419,15.0284,0,3125.5242,57.1893,9785.134,21.163,0,9624.975,138.996
01/01/2020,2676.6263,15.7007,0,2621.6896,39.236,8337.767,22.088,0,8241.101,74.578
01/02/2020,2803.4988,11.2449,0,2767.0143,25.2395,8729.116,16.106,0,8647.188,65.822
01/03/2020,4147.1146,13.7032,0,4119.9465,13.4649,10992.311,17.366,0,10925.642,49.303
01/04/2020,2982.6531,8.2577,0,2951.8385,22.5569,9036.401,10.654,0,8967.491,58.256
01/05/2020,3541.8263,9.2714,0,3511.1154,21.4395,11058.406,12.069,0,10984.451,61.886
01/06/2020,3630.6225,11.351,0,3596.6004,22.6711,10652.109,14.275,0,10570.773,67.061
01/07/2020,3629.1537,11.5874,0,3592.6284,24.9379,10563.649,14.04,0,10475.803,73.806
01/08/2020,3654.1707,11.2454,0,3626.1274,16.7979,10700.012,13.366,0,10638.432,48.214
01/09/2020,3673.8419,11.4102,0,3646.5541,15.8777,10575.437,14.239,0,10519.904,41.294
01/10/2020,3715.2525,11.2312,0,3684.8987,19.1226,10858.032,13.703,0,10798.878,45.451
01/11/2020,3491.9473,11.209,0,3458.8591,21.8791,9995.972,13.463,0,9929.077,53.432
01/12/2020,3757.2255,23.1203,0,3706.3474,27.7577,11058.271,25.185,0,10956.963,76.123
01/01/2021,3392.8085,16.558,0,3360.2209,16.0295,9869.213,18.568,0,9812.709,37.936
01/02/2021,3264.1015,14.7289,0,3237.7369,11.6357,9286.114,16.96,0,9238.494,30.66
01/03/2021,4275.0937,18.1523,0,4241.1098,15.8316,11503.576,21.425,0,11442.797,39.354
01/04/2021,4167.7596,14.6063,0,4137.1224,16.0308,11108.811,15.228,0,11053.735,39.848
01/05/2021,4677.3251,20.1834,0,4630.4305,26.7111,12725.484,19.579,0,12638.732,67.173
01/06/2021,4605.3268,27.4953,0,4544.3317,33.4998,11685.991,24.106,0,11577.921,83.964
01/07/2021,4616.2582,18.9007,0,4564.4956,32.8619,11802.096,17.889,0,11709.367,74.84
01/08/2021,4776.7196,16.7477,0,4735.5692,24.4028,12342.876,16.136,0,12268.594,58.146
01/09/2021,4436.0128,12.9905,0,4399.4557,23.5667,11632.521,13.161,0,11555.627,63.733
01/10/2021,4854.0866,13.3747,0,4812.3553,28.3566,12639.985,13.513,0,12550.637,75.835
01/11/2021,4689.3135,15.7618,0,4649.5022,24.0494,11713.65,15.679,0,11622.572,75.399
01/12/2021,4767.7923,19.1911,0,4676.506,72.0953,12615.266,19.183,0,12426.77,169.313
01/01/2022,3935.0868,16.919,0,3891.5868,26.5809,10650.633,17.328,0,10563.291,70.014
01/02/2022,3928.4852,13.0785,0,3889.5219,25.8848,10521.378,13.556,0,10437.207,70.615
01/03/2022,4712.0937,13.9186,0,4662.5487,35.6264,12000.826,13.881,0,11896.223,90.722
01/04/2022,4749.1098,12.594,0,4708.3428,28.173,12140.406,15.232,0,12045.861,79.313
01/05/2022,5173.7153,13.246,0,5124.2024,36.267,13656.275,13.329,0,13546.999,95.947
01/06/2022,5150.2223,15.5997,0,5096.2988,38.3238,12736.612,14.917,0,12616.351,105.344
01/07/2022,5342.837,15.6863,0,5283.7527,43.398,13160.529,14.351,0,13036.702,109.476
01/08/2022,5160.1441,14.3054,0,5106.3852,39.4535,13224.526,13.732,0,13122.587,88.207
01/09/2022,5078.5862,12.6887,0,5031.8651,34.0325,12875.549,12.415,0,12770.15,92.984
01/10/2022,5404.6702,12.1758,0,5351.2386,41.2558,14032.535,11.852,0,13920.468,100.215
01/11/2022,4853.746,19.1803,0,4789.6433,44.9224,12334.506,19.179,0,12198.656,116.671
01/12/2022,5379.1316,15.9841,0,5289.6099,73.5377,13786.483,15.232,0,13604.078,167.173
01/01/2023,4434.7719,14.5112,0,4372.4337,47.8271,11844.532,14.924,0,11728.108,101.5
01/02/2023,4346.1517,11.3116,0,4292.9278,41.9123,11597.342,11.853,0,11494.383,91.106
01/03/2023,5189.392,12.1208,0,5138.3667,38.9045,13164.395,11.884,0,13061.925,90.586
01/04/2023,5006.8015,10.5639,0,4957.1737,39.0639,13097.255,10.746,0,12997.588,88.921
01/05/2023,5675.8614,11.9319,0,5617.098,46.8316,14555.843,11.946,0,14445.451,98.446
01/06/2023,5584.4913,11.5179,0,5526.8797,46.0937,13724.052,11.499,0,13605.444,107.109
01/07/2023,5668.486,12.1911,0,5600.7476,55.5473,13848.995,11.284,0,13721.849,115.862
01/08/2023,5568.2516,11.5013,0,5521.1064,35.6438,13818.715,11.419,0,13722.112,85.184
01/09/2023,5616.5469,10.3324,0,5578.0857,28.1288,13918.651,10.548,0,13837.38,70.723
01/10/2023,5817.8255,10.672,0,5771.396,35.7574,14654.015,10.381,0,14559.932,83.702
01/11/2023,4913.0678,9.2893,0,4861.7311,42.0475,12715.764,9.459,0,12613.08,93.225
01/12/2023,5497.0246,12.0134,0,5410.6383,74.3729,14104.546,12.413,0,13932.016,160.117
01/01/2024,4573.2226,13.1013,0,4511.347,48.7743,11754.144,13.289,0,11645.195,95.66
01/02/2024,4494.8384,9.4621,0,4453.9755,31.4008,11733.028,9.594,0,11644.358,79.076
01/03/2024,5014.5816,8.2153,0,4969.1741,37.1922,13128.871,8.25,0,13028.388,92.233
01/04/2024,5418.8526,10.1994,0,5371.1918,37.4614,13460.646,10.383,0,13366.329,83.934
01/05/2024,5618.1155,9.3605,0,5567.6522,41.1028,14752.166,9.441,0,14655.838,86.887
01/06/2024,6206.8793,9.7951,0,6155.979,41.1052,14825.074,9.505,0,14719.204,96.365
01/07/2024,5592.7573,11.5383,0,5542.9213,38.2977,13943.743,10.67,0,13830.873,102.2
01/08/2024,6082.1121,11.6904,0,6039.4343,30.9874,14942.701,11.217,0,14859.779,71.705
01/09/2024,5358.4246,9.7886,0,5320.5158,28.1202,13800.554,9.58,0,13719.466,71.508
01/10/2024,5730.4832,11.2738,0,5677.9483,41.2611,14792.067,10.887,0,14690.346,90.834
01/11/2024,5433.158,10.255,0,5387.3501,35.5529,13688.902,9.719,0,13590.2,88.983
01/12/2024,5222.9563,13.509,0,5138.736,70.7113,13944.848,13.02,0,13775.362,156.466
