Fecha,Estado,Remesas
01/01/2003,Aguascalientes,62.4429
01/04/2003,Aguascalientes,58.7056
01/07/2003,Aguascalientes,68.7904
01/10/2003,Aguascalientes,70.3289
01/01/2004,Aguascalientes,73.5442
01/04/2004,Aguascalientes,82.3219
01/07/2004,Aguascalientes,82.9733
01/10/2004,Aguascalientes,75.995
01/01/2005,Aguascalientes,67.808
01/04/2005,Aguascalientes,77.9847
01/07/2005,Aguascalientes,87.5852
01/10/2005,Aguascalientes,89.2073
01/01/2006,Aguascalientes,82.1946
01/04/2006,Aguascalientes,100.4855
01/07/2006,Aguascalientes,100.8364
01/10/2006,Aguascalientes,95.8714
01/01/2007,Aguascalientes,94.6044
01/04/2007,Aguascalientes,100.299
01/07/2007,Aguascalientes,99.3361
01/10/2007,Aguascalientes,87.4667
01/01/2008,Aguascalientes,74.1427
01/04/2008,Aguascalientes,91.3117
01/07/2008,Aguascalientes,95.5226
01/10/2008,Aguascalientes,85.0246
01/01/2009,Aguascalientes,77.7885
01/04/2009,Aguascalientes,78.4957
01/07/2009,Aguascalientes,70.7318
01/10/2009,Aguascalientes,66.0334
01/01/2010,Aguascalientes,69.8815
01/04/2010,Aguascalientes,81.6423
01/07/2010,Aguascalientes,78.1298
01/10/2010,Aguascalientes,73.7473
01/01/2011,Aguascalientes,71.1591
01/04/2011,Aguascalientes,81.9526
01/07/2011,Aguascalientes,84.2913
01/10/2011,Aguascalientes,78.9193
01/01/2012,Aguascalientes,81.085
01/04/2012,Aguascalientes,100.3575
01/07/2012,Aguascalientes,85.5212
01/10/2012,Aguascalientes,78.2659
01/01/2013,Aguascalientes,70.9359
01/04/2013,Aguascalientes,84.4776
01/07/2013,Aguascalientes,80.5812
01/10/2013,Aguascalientes,80.8014
01/01/2014,Aguascalientes,79.1942
01/04/2014,Aguascalientes,86.5526
01/07/2014,Aguascalientes,83.2636
01/10/2014,Aguascalientes,85.5291
01/01/2015,Aguascalientes,82.7806
01/04/2015,Aguascalientes,90.2154
01/07/2015,Aguascalientes,94.6035
01/10/2015,Aguascalientes,89.4957
01/01/2016,Aguascalientes,91.9112
01/04/2016,Aguascalientes,102.5953
01/07/2016,Aguascalientes,106.1481
01/10/2016,Aguascalientes,105.0479
01/01/2017,Aguascalientes,102.4569
01/04/2017,Aguascalientes,112.8221
01/07/2017,Aguascalientes,114.0737
01/10/2017,Aguascalientes,115.3645
01/01/2018,Aguascalientes,104.5366
01/04/2018,Aguascalientes,130.1306
01/07/2018,Aguascalientes,122.5829
01/10/2018,Aguascalientes,128.9194
01/01/2019,Aguascalientes,112.8066
01/04/2019,Aguascalientes,132.5081
01/07/2019,Aguascalientes,140.8648
01/10/2019,Aguascalientes,131.4146
01/01/2020,Aguascalientes,131.5172
01/04/2020,Aguascalientes,139.3498
01/07/2020,Aguascalientes,139.0205
01/10/2020,Aguascalientes,146.7446
01/01/2021,Aguascalientes,144.6948
01/04/2021,Aguascalientes,184.0707
01/07/2021,Aguascalientes,186.5437
01/10/2021,Aguascalientes,195.6817
01/01/2022,Aguascalientes,175.2496
01/04/2022,Aguascalientes,219.3623
01/07/2022,Aguascalientes,232.4536
01/10/2022,Aguascalientes,233.098
01/01/2023,Aguascalientes,209.2045
01/04/2023,Aguascalientes,246.8825
01/07/2023,Aguascalientes,246.6109
01/10/2023,Aguascalientes,236.1761
01/01/2024,Aguascalientes,204.7375
01/04/2024,Aguascalientes,252.7127
01/07/2024,Aguascalientes,256.6272
01/10/2024,Aguascalientes,244.1016
01/01/2025,Aguascalientes,216.6151
01/04/2025,Aguascalientes,236.208
01/01/2003,Baja California,28.5954
01/04/2003,Baja California,33.7084
01/07/2003,Baja California,44.3751
01/10/2003,Baja California,35.3224
01/01/2004,Baja California,34.4552
01/04/2004,Baja California,43.6774
01/07/2004,Baja California,45.6772
01/10/2004,Baja California,41.2188
01/01/2005,Baja California,52.4007
01/04/2005,Baja California,66.828
01/07/2005,Baja California,70.2093
01/10/2005,Baja California,67.1974
01/01/2006,Baja California,68.569
01/04/2006,Baja California,78.2581
01/07/2006,Baja California,80.2418
01/10/2006,Baja California,74.9955
01/01/2007,Baja California,75.9435
01/04/2007,Baja California,87.6542
01/07/2007,Baja California,93.9811
01/10/2007,Baja California,85.2138
01/01/2008,Baja California,80.2353
01/04/2008,Baja California,92.036
01/07/2008,Baja California,93.0616
01/10/2008,Baja California,82.8235
01/01/2009,Baja California,76.9349
01/04/2009,Baja California,86.6822
01/07/2009,Baja California,89.6127
01/10/2009,Baja California,81.1246
01/01/2010,Baja California,79.8184
01/04/2010,Baja California,94.5473
01/07/2010,Baja California,95.4861
01/10/2010,Baja California,89.3305
01/01/2011,Baja California,91.9192
01/04/2011,Baja California,104.9231
01/07/2011,Baja California,110.8291
01/10/2011,Baja California,102.0411
01/01/2012,Baja California,100.4973
01/04/2012,Baja California,121.4512
01/07/2012,Baja California,127.4023
01/10/2012,Baja California,133.2755
01/01/2013,Baja California,142.2212
01/04/2013,Baja California,164.2709
01/07/2013,Baja California,163.975
01/10/2013,Baja California,156.2017
01/01/2014,Baja California,149.4414
01/04/2014,Baja California,160.0272
01/07/2014,Baja California,161.0008
01/10/2014,Baja California,159.4294
01/01/2015,Baja California,154.7197
01/04/2015,Baja California,173.4374
01/07/2015,Baja California,179.2369
01/10/2015,Baja California,166.0836
01/01/2016,Baja California,166.8735
01/04/2016,Baja California,177.6958
01/07/2016,Baja California,172.0992
01/10/2016,Baja California,166.8931
01/01/2017,Baja California,169.1198
01/04/2017,Baja California,193.5122
01/07/2017,Baja California,202.1818
01/10/2017,Baja California,199.8225
01/01/2018,Baja California,187.6592
01/04/2018,Baja California,231.2351
01/07/2018,Baja California,225.0964
01/10/2018,Baja California,231.1272
01/01/2019,Baja California,206.5659
01/04/2019,Baja California,239.6043
01/07/2019,Baja California,253.7569
01/10/2019,Baja California,236.0679
01/01/2020,Baja California,257.2246
01/04/2020,Baja California,338.1114
01/07/2020,Baja California,315.4985
01/10/2020,Baja California,304.7516
01/01/2021,Baja California,303.9325
01/04/2021,Baja California,355.9131
01/07/2021,Baja California,362.1583
01/10/2021,Baja California,353.9382
01/01/2022,Baja California,309.2606
01/04/2022,Baja California,354.929
01/07/2022,Baja California,364.6571
01/10/2022,Baja California,361.9416
01/01/2023,Baja California,332.8697
01/04/2023,Baja California,366.9033
01/07/2023,Baja California,384.9582
01/10/2023,Baja California,362.5953
01/01/2024,Baja California,318.6707
01/04/2024,Baja California,376.6926
01/07/2024,Baja California,374.185
01/10/2024,Baja California,377.5852
01/01/2025,Baja California,340.1633
01/04/2025,Baja California,472.0097
01/01/2003,Baja California Sur,3.9878
01/04/2003,Baja California Sur,4.4807
01/07/2003,Baja California Sur,6.0983
01/10/2003,Baja California Sur,4.3827
01/01/2004,Baja California Sur,3.7093
01/04/2004,Baja California Sur,4.94
01/07/2004,Baja California Sur,4.9491
01/10/2004,Baja California Sur,4.2024
01/01/2005,Baja California Sur,5.2842
01/04/2005,Baja California Sur,6.2395
01/07/2005,Baja California Sur,6.4133
01/10/2005,Baja California Sur,6.5145
01/01/2006,Baja California Sur,6.5564
01/04/2006,Baja California Sur,7.5375
01/07/2006,Baja California Sur,7.3143
01/10/2006,Baja California Sur,7.1261
01/01/2007,Baja California Sur,6.9685
01/04/2007,Baja California Sur,8.0724
01/07/2007,Baja California Sur,9.1333
01/10/2007,Baja California Sur,8.6414
01/01/2008,Baja California Sur,7.9667
01/04/2008,Baja California Sur,9.1146
01/07/2008,Baja California Sur,9.4704
01/10/2008,Baja California Sur,9.5825
01/01/2009,Baja California Sur,8.5005
01/04/2009,Baja California Sur,8.3793
01/07/2009,Baja California Sur,8.3992
01/10/2009,Baja California Sur,7.863
01/01/2010,Baja California Sur,8.9646
01/04/2010,Baja California Sur,8.8205
01/07/2010,Baja California Sur,8.5318
01/10/2010,Baja California Sur,8.5156
01/01/2011,Baja California Sur,8.3516
01/04/2011,Baja California Sur,9.6587
01/07/2011,Baja California Sur,10.3196
01/10/2011,Baja California Sur,9.5182
01/01/2012,Baja California Sur,9.7661
01/04/2012,Baja California Sur,10.9905
01/07/2012,Baja California Sur,10.594
01/10/2012,Baja California Sur,11.5855
01/01/2013,Baja California Sur,10.1699
01/04/2013,Baja California Sur,11.5037
01/07/2013,Baja California Sur,10.9968
01/10/2013,Baja California Sur,14.7611
01/01/2014,Baja California Sur,10.4529
01/04/2014,Baja California Sur,11.85
01/07/2014,Baja California Sur,12.5381
01/10/2014,Baja California Sur,13.2245
01/01/2015,Baja California Sur,11.8535
01/04/2015,Baja California Sur,13.1977
01/07/2015,Baja California Sur,13.7581
01/10/2015,Baja California Sur,13.5586
01/01/2016,Baja California Sur,13.227
01/04/2016,Baja California Sur,14.6418
01/07/2016,Baja California Sur,14.5729
01/10/2016,Baja California Sur,13.6736
01/01/2017,Baja California Sur,15.2536
01/04/2017,Baja California Sur,16.5844
01/07/2017,Baja California Sur,17.8916
01/10/2017,Baja California Sur,18.2323
01/01/2018,Baja California Sur,17.1241
01/04/2018,Baja California Sur,20.6281
01/07/2018,Baja California Sur,20.3815
01/10/2018,Baja California Sur,21.5163
01/01/2019,Baja California Sur,19.5555
01/04/2019,Baja California Sur,22.6902
01/07/2019,Baja California Sur,23.3121
01/10/2019,Baja California Sur,23.2222
01/01/2020,Baja California Sur,22.2678
01/04/2020,Baja California Sur,25.123
01/07/2020,Baja California Sur,34.5949
01/10/2020,Baja California Sur,29.1253
01/01/2021,Baja California Sur,28.8785
01/04/2021,Baja California Sur,33.182
01/07/2021,Baja California Sur,32.9493
01/10/2021,Baja California Sur,32.9638
01/01/2022,Baja California Sur,31.8877
01/04/2022,Baja California Sur,39.8352
01/07/2022,Baja California Sur,66.6342
01/10/2022,Baja California Sur,65.8244
01/01/2023,Baja California Sur,52.7244
01/04/2023,Baja California Sur,47.8759
01/07/2023,Baja California Sur,39.5853
01/10/2023,Baja California Sur,38.0889
01/01/2024,Baja California Sur,34.2058
01/04/2024,Baja California Sur,39.1624
01/07/2024,Baja California Sur,38.5795
01/10/2024,Baja California Sur,38.0019
01/01/2025,Baja California Sur,34.212
01/04/2025,Baja California Sur,34.0335
01/01/2003,Campeche,8.9093
01/04/2003,Campeche,14.2668
01/07/2003,Campeche,16.5759
01/10/2003,Campeche,11.8568
01/01/2004,Campeche,10.3901
01/04/2004,Campeche,14.048
01/07/2004,Campeche,14.939
01/10/2004,Campeche,13.924
01/01/2005,Campeche,13.129
01/04/2005,Campeche,17.4076
01/07/2005,Campeche,17.3155
01/10/2005,Campeche,17.874
01/01/2006,Campeche,18.2404
01/04/2006,Campeche,22.2706
01/07/2006,Campeche,21.4993
01/10/2006,Campeche,19.9983
01/01/2007,Campeche,18.3368
01/04/2007,Campeche,21.2941
01/07/2007,Campeche,22.4018
01/10/2007,Campeche,20.3461
01/01/2008,Campeche,17.0986
01/04/2008,Campeche,21.1033
01/07/2008,Campeche,19.7046
01/10/2008,Campeche,17.8984
01/01/2009,Campeche,15.4138
01/04/2009,Campeche,15.2601
01/07/2009,Campeche,14.4436
01/10/2009,Campeche,12.8514
01/01/2010,Campeche,13.5445
01/04/2010,Campeche,15.2719
01/07/2010,Campeche,14.7733
01/10/2010,Campeche,13.2429
01/01/2011,Campeche,13.2838
01/04/2011,Campeche,16.0215
01/07/2011,Campeche,16.4025
01/10/2011,Campeche,13.9956
01/01/2012,Campeche,13.8925
01/04/2012,Campeche,16.4878
01/07/2012,Campeche,14.287
01/10/2012,Campeche,13.0569
01/01/2013,Campeche,12.0942
01/04/2013,Campeche,15.0584
01/07/2013,Campeche,14.2696
01/10/2013,Campeche,15.5093
01/01/2014,Campeche,12.8236
01/04/2014,Campeche,15.711
01/07/2014,Campeche,15.1155
01/10/2014,Campeche,14.0401
01/01/2015,Campeche,13.2612
01/04/2015,Campeche,15.3048
01/07/2015,Campeche,15.3178
01/10/2015,Campeche,14.2807
01/01/2016,Campeche,14.6433
01/04/2016,Campeche,17.1763
01/07/2016,Campeche,17.7098
01/10/2016,Campeche,17.4789
01/01/2017,Campeche,18.0201
01/04/2017,Campeche,19.6049
01/07/2017,Campeche,20.09
01/10/2017,Campeche,19.722
01/01/2018,Campeche,17.4313
01/04/2018,Campeche,21.2846
01/07/2018,Campeche,21.6338
01/10/2018,Campeche,21.3769
01/01/2019,Campeche,19.3304
01/04/2019,Campeche,24.3975
01/07/2019,Campeche,25.0019
01/10/2019,Campeche,22.4881
01/01/2020,Campeche,24.6456
01/04/2020,Campeche,26.201
01/07/2020,Campeche,36.5934
01/10/2020,Campeche,31.6542
01/01/2021,Campeche,30.3168
01/04/2021,Campeche,38.7904
01/07/2021,Campeche,40.9163
01/10/2021,Campeche,40.8829
01/01/2022,Campeche,34.195
01/04/2022,Campeche,41.8713
01/07/2022,Campeche,42.8602
01/10/2022,Campeche,41.5962
01/01/2023,Campeche,37.5594
01/04/2023,Campeche,46.1101
01/07/2023,Campeche,47.9445
01/10/2023,Campeche,42.0822
01/01/2024,Campeche,36.0529
01/04/2024,Campeche,45.241
01/07/2024,Campeche,44.9903
01/10/2024,Campeche,43.0125
01/01/2025,Campeche,39.6691
01/04/2025,Campeche,44.1637
01/01/2003,Coahuila,28.9976
01/04/2003,Coahuila,34.4963
01/07/2003,Coahuila,38.9714
01/10/2003,Coahuila,37.3657
01/01/2004,Coahuila,34.7218
01/04/2004,Coahuila,45.3903
01/07/2004,Coahuila,47.8342
01/10/2004,Coahuila,52.0898
01/01/2005,Coahuila,52.1147
01/04/2005,Coahuila,62.0372
01/07/2005,Coahuila,63.0702
01/10/2005,Coahuila,63.5419
01/01/2006,Coahuila,63.4007
01/04/2006,Coahuila,73.7953
01/07/2006,Coahuila,71.7066
01/10/2006,Coahuila,66.4243
01/01/2007,Coahuila,66.5401
01/04/2007,Coahuila,79.4533
01/07/2007,Coahuila,80.2717
01/10/2007,Coahuila,74.0674
01/01/2008,Coahuila,67.0234
01/04/2008,Coahuila,79.925
01/07/2008,Coahuila,73.8237
01/10/2008,Coahuila,69.1574
01/01/2009,Coahuila,63.2745
01/04/2009,Coahuila,63.906
01/07/2009,Coahuila,61.0604
01/10/2009,Coahuila,54.9138
01/01/2010,Coahuila,60.0916
01/04/2010,Coahuila,62.8744
01/07/2010,Coahuila,61.2528
01/10/2010,Coahuila,57.3484
01/01/2011,Coahuila,56.8733
01/04/2011,Coahuila,67.0612
01/07/2011,Coahuila,67.0411
01/10/2011,Coahuila,64.0562
01/01/2012,Coahuila,65.0862
01/04/2012,Coahuila,77.5259
01/07/2012,Coahuila,78.1495
01/10/2012,Coahuila,73.5594
01/01/2013,Coahuila,78.637
01/04/2013,Coahuila,90.6964
01/07/2013,Coahuila,87.7177
01/10/2013,Coahuila,81.8292
01/01/2014,Coahuila,82.7113
01/04/2014,Coahuila,95.4988
01/07/2014,Coahuila,124.1275
01/10/2014,Coahuila,102.5936
01/01/2015,Coahuila,94.5615
01/04/2015,Coahuila,115.6664
01/07/2015,Coahuila,103.4002
01/10/2015,Coahuila,98.2956
01/01/2016,Coahuila,95.7618
01/04/2016,Coahuila,109.508
01/07/2016,Coahuila,111.1918
01/10/2016,Coahuila,114.466
01/01/2017,Coahuila,113.0
01/04/2017,Coahuila,129.6761
01/07/2017,Coahuila,135.1432
01/10/2017,Coahuila,157.6139
01/01/2018,Coahuila,139.4594
01/04/2018,Coahuila,156.5633
01/07/2018,Coahuila,154.0237
01/10/2018,Coahuila,155.6217
01/01/2019,Coahuila,142.6024
01/04/2019,Coahuila,169.8443
01/07/2019,Coahuila,176.1976
01/10/2019,Coahuila,168.8258
01/01/2020,Coahuila,165.4268
01/04/2020,Coahuila,188.8994
01/07/2020,Coahuila,188.9091
01/10/2020,Coahuila,191.2991
01/01/2021,Coahuila,189.8341
01/04/2021,Coahuila,237.2845
01/07/2021,Coahuila,247.5367
01/10/2021,Coahuila,249.9493
01/01/2022,Coahuila,222.2828
01/04/2022,Coahuila,266.0985
01/07/2022,Coahuila,277.6703
01/10/2022,Coahuila,295.1431
01/01/2023,Coahuila,253.39
01/04/2023,Coahuila,267.7388
01/07/2023,Coahuila,277.1731
01/10/2023,Coahuila,253.5342
01/01/2024,Coahuila,213.2949
01/04/2024,Coahuila,250.8792
01/07/2024,Coahuila,246.9186
01/10/2024,Coahuila,240.0812
01/01/2025,Coahuila,201.3251
01/04/2025,Coahuila,210.5787
01/01/2003,Colima,24.3048
01/04/2003,Colima,26.4262
01/07/2003,Colima,25.9999
01/10/2003,Colima,27.0087
01/01/2004,Colima,29.5465
01/04/2004,Colima,33.8036
01/07/2004,Colima,34.3311
01/10/2004,Colima,36.6642
01/01/2005,Colima,38.515
01/04/2005,Colima,42.4185
01/07/2005,Colima,42.0411
01/10/2005,Colima,42.1025
01/01/2006,Colima,42.9817
01/04/2006,Colima,47.8695
01/07/2006,Colima,46.7902
01/10/2006,Colima,45.458
01/01/2007,Colima,47.9253
01/04/2007,Colima,55.6969
01/07/2007,Colima,53.3882
01/10/2007,Colima,47.3029
01/01/2008,Colima,44.0229
01/04/2008,Colima,49.6338
01/07/2008,Colima,48.2452
01/10/2008,Colima,50.3902
01/01/2009,Colima,47.2534
01/04/2009,Colima,43.5884
01/07/2009,Colima,41.5475
01/10/2009,Colima,38.7462
01/01/2010,Colima,42.3389
01/04/2010,Colima,46.3244
01/07/2010,Colima,45.0856
01/10/2010,Colima,43.3059
01/01/2011,Colima,45.3471
01/04/2011,Colima,47.7236
01/07/2011,Colima,49.4511
01/10/2011,Colima,47.2951
01/01/2012,Colima,47.3431
01/04/2012,Colima,52.5067
01/07/2012,Colima,44.3559
01/10/2012,Colima,42.7664
01/01/2013,Colima,43.0748
01/04/2013,Colima,51.6369
01/07/2013,Colima,47.8657
01/10/2013,Colima,47.5307
01/01/2014,Colima,47.1195
01/04/2014,Colima,47.6268
01/07/2014,Colima,70.7178
01/10/2014,Colima,58.4085
01/01/2015,Colima,58.9671
01/04/2015,Colima,63.0227
01/07/2015,Colima,57.2228
01/10/2015,Colima,55.5643
01/01/2016,Colima,57.4628
01/04/2016,Colima,63.1899
01/07/2016,Colima,65.2393
01/10/2016,Colima,72.064
01/01/2017,Colima,66.2345
01/04/2017,Colima,77.7689
01/07/2017,Colima,79.6061
01/10/2017,Colima,87.914
01/01/2018,Colima,85.6413
01/04/2018,Colima,85.944
01/07/2018,Colima,76.0668
01/10/2018,Colima,83.3901
01/01/2019,Colima,68.8464
01/04/2019,Colima,78.7911
01/07/2019,Colima,81.8624
01/10/2019,Colima,82.436
01/01/2020,Colima,85.6436
01/04/2020,Colima,89.1329
01/07/2020,Colima,88.7386
01/10/2020,Colima,95.8726
01/01/2021,Colima,98.9874
01/04/2021,Colima,113.5779
01/07/2021,Colima,112.7633
01/10/2021,Colima,119.1394
01/01/2022,Colima,107.5786
01/04/2022,Colima,109.5391
01/07/2022,Colima,118.8128
01/10/2022,Colima,131.9004
01/01/2023,Colima,114.8626
01/04/2023,Colima,122.7314
01/07/2023,Colima,127.621
01/10/2023,Colima,114.2613
01/01/2024,Colima,105.8572
01/04/2024,Colima,123.4079
01/07/2024,Colima,113.8606
01/10/2024,Colima,111.9878
01/01/2025,Colima,98.4704
01/04/2025,Colima,102.0147
01/01/2003,Chiapas,86.784
01/04/2003,Chiapas,108.89
01/07/2003,Chiapas,117.8861
01/10/2003,Chiapas,121.5688
01/01/2004,Chiapas,108.1185
01/04/2004,Chiapas,162.05
01/07/2004,Chiapas,166.651
01/10/2004,Chiapas,150.7302
01/01/2005,Chiapas,148.3498
01/04/2005,Chiapas,202.8849
01/07/2005,Chiapas,209.6024
01/10/2005,Chiapas,204.5013
01/01/2006,Chiapas,206.0684
01/04/2006,Chiapas,264.0635
01/07/2006,Chiapas,246.8814
01/10/2006,Chiapas,223.8217
01/01/2007,Chiapas,202.3432
01/04/2007,Chiapas,246.0014
01/07/2007,Chiapas,265.0231
01/10/2007,Chiapas,230.5938
01/01/2008,Chiapas,189.416
01/04/2008,Chiapas,235.0438
01/07/2008,Chiapas,225.8215
01/10/2008,Chiapas,194.4026
01/01/2009,Chiapas,158.2656
01/04/2009,Chiapas,171.7553
01/07/2009,Chiapas,167.2204
01/10/2009,Chiapas,135.8716
01/01/2010,Chiapas,126.729
01/04/2010,Chiapas,169.1939
01/07/2010,Chiapas,162.7
01/10/2010,Chiapas,134.3745
01/01/2011,Chiapas,135.1329
01/04/2011,Chiapas,173.7947
01/07/2011,Chiapas,167.4537
01/10/2011,Chiapas,137.8584
01/01/2012,Chiapas,142.3689
01/04/2012,Chiapas,175.7538
01/07/2012,Chiapas,143.6137
01/10/2012,Chiapas,132.6148
01/01/2013,Chiapas,120.1734
01/04/2013,Chiapas,143.3055
01/07/2013,Chiapas,133.5104
01/10/2013,Chiapas,123.4956
01/01/2014,Chiapas,130.2278
01/04/2014,Chiapas,151.4773
01/07/2014,Chiapas,111.6229
01/10/2014,Chiapas,126.3541
01/01/2015,Chiapas,131.1161
01/04/2015,Chiapas,138.9768
01/07/2015,Chiapas,164.4662
01/10/2015,Chiapas,158.672
01/01/2016,Chiapas,149.6413
01/04/2016,Chiapas,148.7178
01/07/2016,Chiapas,148.1383
01/10/2016,Chiapas,146.5384
01/01/2017,Chiapas,157.8381
01/04/2017,Chiapas,165.3644
01/07/2017,Chiapas,171.6549
01/10/2017,Chiapas,173.4187
01/01/2018,Chiapas,173.9406
01/04/2018,Chiapas,217.382
01/07/2018,Chiapas,223.2901
01/10/2018,Chiapas,230.3521
01/01/2019,Chiapas,227.6878
01/04/2019,Chiapas,286.9965
01/07/2019,Chiapas,276.815
01/10/2019,Chiapas,243.2466
01/01/2020,Chiapas,258.0957
01/04/2020,Chiapas,263.6595
01/07/2020,Chiapas,328.7234
01/10/2020,Chiapas,330.6146
01/01/2021,Chiapas,357.3963
01/04/2021,Chiapas,460.9478
01/07/2021,Chiapas,541.5949
01/10/2021,Chiapas,575.588
01/01/2022,Chiapas,609.3326
01/04/2022,Chiapas,772.547
01/07/2022,Chiapas,857.2195
01/10/2022,Chiapas,951.6119
01/01/2023,Chiapas,962.2904
01/04/2023,Chiapas,1101.2196
01/07/2023,Chiapas,1194.065
01/10/2023,Chiapas,1109.714
01/01/2024,Chiapas,917.4365
01/04/2024,Chiapas,1099.6973
01/07/2024,Chiapas,1086.4001
01/10/2024,Chiapas,1064.9
01/01/2025,Chiapas,971.383
01/04/2025,Chiapas,1067.439
01/01/2003,Chihuahua,50.515
01/04/2003,Chihuahua,58.3548
01/07/2003,Chihuahua,67.9352
01/10/2003,Chihuahua,59.8691
01/01/2004,Chihuahua,57.0475
01/04/2004,Chihuahua,76.3738
01/07/2004,Chihuahua,77.639
01/10/2004,Chihuahua,68.3612
01/01/2005,Chihuahua,81.0961
01/04/2005,Chihuahua,103.712
01/07/2005,Chihuahua,102.5278
01/10/2005,Chihuahua,101.8522
01/01/2006,Chihuahua,113.8334
01/04/2006,Chihuahua,130.1335
01/07/2006,Chihuahua,119.058
01/10/2006,Chihuahua,110.9057
01/01/2007,Chihuahua,105.4463
01/04/2007,Chihuahua,116.4168
01/07/2007,Chihuahua,127.0241
01/10/2007,Chihuahua,122.7834
01/01/2008,Chihuahua,116.3296
01/04/2008,Chihuahua,134.6162
01/07/2008,Chihuahua,125.9705
01/10/2008,Chihuahua,117.5527
01/01/2009,Chihuahua,111.9803
01/04/2009,Chihuahua,110.2184
01/07/2009,Chihuahua,105.2067
01/10/2009,Chihuahua,96.0716
01/01/2010,Chihuahua,101.2935
01/04/2010,Chihuahua,109.2872
01/07/2010,Chihuahua,103.5849
01/10/2010,Chihuahua,96.5385
01/01/2011,Chihuahua,100.3593
01/04/2011,Chihuahua,112.8508
01/07/2011,Chihuahua,113.3035
01/10/2011,Chihuahua,106.4593
01/01/2012,Chihuahua,111.4393
01/04/2012,Chihuahua,134.8148
01/07/2012,Chihuahua,123.4241
01/10/2012,Chihuahua,114.8315
01/01/2013,Chihuahua,125.6916
01/04/2013,Chihuahua,142.4051
01/07/2013,Chihuahua,137.1721
01/10/2013,Chihuahua,128.2736
01/01/2014,Chihuahua,137.1386
01/04/2014,Chihuahua,151.5852
01/07/2014,Chihuahua,129.2696
01/10/2014,Chihuahua,147.7228
01/01/2015,Chihuahua,143.8274
01/04/2015,Chihuahua,179.5345
01/07/2015,Chihuahua,175.2703
01/10/2015,Chihuahua,164.1866
01/01/2016,Chihuahua,165.6935
01/04/2016,Chihuahua,184.8412
01/07/2016,Chihuahua,188.6088
01/10/2016,Chihuahua,176.3852
01/01/2017,Chihuahua,187.879
01/04/2017,Chihuahua,205.6696
01/07/2017,Chihuahua,215.593
01/10/2017,Chihuahua,219.3626
01/01/2018,Chihuahua,205.2605
01/04/2018,Chihuahua,266.3064
01/07/2018,Chihuahua,261.4956
01/10/2018,Chihuahua,262.269
01/01/2019,Chihuahua,247.39
01/04/2019,Chihuahua,304.5941
01/07/2019,Chihuahua,311.9969
01/10/2019,Chihuahua,283.3814
01/01/2020,Chihuahua,288.9951
01/04/2020,Chihuahua,357.2544
01/07/2020,Chihuahua,322.9069
01/10/2020,Chihuahua,314.9456
01/01/2021,Chihuahua,344.345
01/04/2021,Chihuahua,422.326
01/07/2021,Chihuahua,430.9409
01/10/2021,Chihuahua,399.8333
01/01/2022,Chihuahua,342.723
01/04/2022,Chihuahua,428.4799
01/07/2022,Chihuahua,435.3421
01/10/2022,Chihuahua,419.3811
01/01/2023,Chihuahua,394.8341
01/04/2023,Chihuahua,418.6177
01/07/2023,Chihuahua,401.7751
01/10/2023,Chihuahua,376.6517
01/01/2024,Chihuahua,321.9502
01/04/2024,Chihuahua,388.4386
01/07/2024,Chihuahua,396.9215
01/10/2024,Chihuahua,370.1968
01/01/2025,Chihuahua,320.8922
01/04/2025,Chihuahua,328.5197
01/01/2003,Ciudad de México,159.7439
01/04/2003,Ciudad de México,203.4132
01/07/2003,Ciudad de México,236.9725
01/10/2003,Ciudad de México,214.6294
01/01/2004,Ciudad de México,187.3776
01/04/2004,Ciudad de México,251.2259
01/07/2004,Ciudad de México,247.4253
01/10/2004,Ciudad de México,235.6437
01/01/2005,Ciudad de México,253.3276
01/04/2005,Ciudad de México,328.8473
01/07/2005,Ciudad de México,347.5536
01/10/2005,Ciudad de México,382.9214
01/01/2006,Ciudad de México,394.7934
01/04/2006,Ciudad de México,386.1937
01/07/2006,Ciudad de México,362.8837
01/10/2006,Ciudad de México,346.5225
01/01/2007,Ciudad de México,248.2769
01/04/2007,Ciudad de México,272.6178
01/07/2007,Ciudad de México,286.4137
01/10/2007,Ciudad de México,277.0743
01/01/2008,Ciudad de México,255.6844
01/04/2008,Ciudad de México,301.8634
01/07/2008,Ciudad de México,281.7369
01/10/2008,Ciudad de México,289.3951
01/01/2009,Ciudad de México,258.1239
01/04/2009,Ciudad de México,259.7382
01/07/2009,Ciudad de México,253.2046
01/10/2009,Ciudad de México,231.7965
01/01/2010,Ciudad de México,232.1979
01/04/2010,Ciudad de México,275.7603
01/07/2010,Ciudad de México,270.8017
01/10/2010,Ciudad de México,252.7164
01/01/2011,Ciudad de México,258.271
01/04/2011,Ciudad de México,307.5306
01/07/2011,Ciudad de México,322.2435
01/10/2011,Ciudad de México,301.5338
01/01/2012,Ciudad de México,297.0715
01/04/2012,Ciudad de México,310.9193
01/07/2012,Ciudad de México,249.5946
01/10/2012,Ciudad de México,193.899
01/01/2013,Ciudad de México,311.9446
01/04/2013,Ciudad de México,393.1516
01/07/2013,Ciudad de México,379.8874
01/10/2013,Ciudad de México,359.9403
01/01/2014,Ciudad de México,421.7703
01/04/2014,Ciudad de México,451.5677
01/07/2014,Ciudad de México,347.9767
01/10/2014,Ciudad de México,337.4838
01/01/2015,Ciudad de México,256.7471
01/04/2015,Ciudad de México,272.1399
01/07/2015,Ciudad de México,275.3273
01/10/2015,Ciudad de México,289.9858
01/01/2016,Ciudad de México,319.174
01/04/2016,Ciudad de México,361.9721
01/07/2016,Ciudad de México,379.6476
01/10/2016,Ciudad de México,374.5322
01/01/2017,Ciudad de México,313.2042
01/04/2017,Ciudad de México,332.853
01/07/2017,Ciudad de México,345.981
01/10/2017,Ciudad de México,338.1723
01/01/2018,Ciudad de México,307.5527
01/04/2018,Ciudad de México,387.6622
01/07/2018,Ciudad de México,354.3267
01/10/2018,Ciudad de México,417.0828
01/01/2019,Ciudad de México,389.5608
01/04/2019,Ciudad de México,452.3899
01/07/2019,Ciudad de México,469.8537
01/10/2019,Ciudad de México,449.8089
01/01/2020,Ciudad de México,491.9975
01/04/2020,Ciudad de México,510.1312
01/07/2020,Ciudad de México,598.3273
01/10/2020,Ciudad de México,593.7912
01/01/2021,Ciudad de México,628.7711
01/04/2021,Ciudad de México,740.0125
01/07/2021,Ciudad de México,796.2182
01/10/2021,Ciudad de México,835.2753
01/01/2022,Ciudad de México,689.8589
01/04/2022,Ciudad de México,814.1254
01/07/2022,Ciudad de México,860.3219
01/10/2022,Ciudad de México,819.8957
01/01/2023,Ciudad de México,752.9891
01/04/2023,Ciudad de México,887.307
01/07/2023,Ciudad de México,987.9466
01/10/2023,Ciudad de México,1239.696
01/01/2024,Ciudad de México,1064.1463
01/04/2024,Ciudad de México,1298.2466
01/07/2024,Ciudad de México,1194.8254
01/10/2024,Ciudad de México,1127.4728
01/01/2025,Ciudad de México,942.8733
01/04/2025,Ciudad de México,817.6727
01/01/2003,Durango,56.2264
01/04/2003,Durango,68.0159
01/07/2003,Durango,70.7405
01/10/2003,Durango,67.504
01/01/2004,Durango,67.0911
01/04/2004,Durango,87.5094
01/07/2004,Durango,88.8864
01/10/2004,Durango,86.1804
01/01/2005,Durango,83.636
01/04/2005,Durango,104.5778
01/07/2005,Durango,102.1362
01/10/2005,Durango,93.9506
01/01/2006,Durango,95.7312
01/04/2006,Durango,116.9134
01/07/2006,Durango,111.6796
01/10/2006,Durango,104.1717
01/01/2007,Durango,102.9435
01/04/2007,Durango,120.3637
01/07/2007,Durango,125.066
01/10/2007,Durango,115.7582
01/01/2008,Durango,105.8631
01/04/2008,Durango,126.2993
01/07/2008,Durango,117.9878
01/10/2008,Durango,110.2061
01/01/2009,Durango,101.6197
01/04/2009,Durango,103.2674
01/07/2009,Durango,96.9416
01/10/2009,Durango,87.3392
01/01/2010,Durango,87.4295
01/04/2010,Durango,107.105
01/07/2010,Durango,100.9409
01/10/2010,Durango,95.8451
01/01/2011,Durango,96.0676
01/04/2011,Durango,114.1917
01/07/2011,Durango,114.8586
01/10/2011,Durango,105.1012
01/01/2012,Durango,104.0783
01/04/2012,Durango,123.9002
01/07/2012,Durango,113.2038
01/10/2012,Durango,106.2376
01/01/2013,Durango,104.5774
01/04/2013,Durango,127.0808
01/07/2013,Durango,123.3841
01/10/2013,Durango,120.8238
01/01/2014,Durango,110.8292
01/04/2014,Durango,129.667
01/07/2014,Durango,134.3112
01/10/2014,Durango,132.9863
01/01/2015,Durango,120.5707
01/04/2015,Durango,201.9465
01/07/2015,Durango,149.8786
01/10/2015,Durango,138.0433
01/01/2016,Durango,131.8252
01/04/2016,Durango,159.1158
01/07/2016,Durango,168.8654
01/10/2016,Durango,161.3569
01/01/2017,Durango,153.6252
01/04/2017,Durango,186.6258
01/07/2017,Durango,200.8599
01/10/2017,Durango,195.6453
01/01/2018,Durango,164.3214
01/04/2018,Durango,225.6469
01/07/2018,Durango,226.4562
01/10/2018,Durango,217.3507
01/01/2019,Durango,182.7176
01/04/2019,Durango,232.0891
01/07/2019,Durango,255.8227
01/10/2019,Durango,233.272
01/01/2020,Durango,221.3011
01/04/2020,Durango,248.4274
01/07/2020,Durango,254.9718
01/10/2020,Durango,262.5203
01/01/2021,Durango,254.573
01/04/2021,Durango,335.1613
01/07/2021,Durango,339.4619
01/10/2021,Durango,343.4482
01/01/2022,Durango,278.5084
01/04/2022,Durango,349.1502
01/07/2022,Durango,370.4895
01/10/2022,Durango,363.6192
01/01/2023,Durango,299.001
01/04/2023,Durango,359.6013
01/07/2023,Durango,380.0171
01/10/2023,Durango,352.4174
01/01/2024,Durango,281.7629
01/04/2024,Durango,365.1108
01/07/2024,Durango,374.3965
01/10/2024,Durango,349.4633
01/01/2025,Durango,284.3934
01/04/2025,Durango,329.5172
01/01/2003,Estado de México,230.5399
01/04/2003,Estado de México,280.8131
01/07/2003,Estado de México,288.2926
01/10/2003,Estado de México,306.8104
01/01/2004,Estado de México,282.1747
01/04/2004,Estado de México,382.4993
01/07/2004,Estado de México,406.4079
01/10/2004,Estado de México,374.7064
01/01/2005,Estado de México,353.3164
01/04/2005,Estado de México,462.1955
01/07/2005,Estado de México,474.1299
01/10/2005,Estado de México,475.2358
01/01/2006,Estado de México,452.3239
01/04/2006,Estado de México,572.8749
01/07/2006,Estado de México,544.1694
01/10/2006,Estado de México,509.7796
01/01/2007,Estado de México,485.4589
01/04/2007,Estado de México,568.5637
01/07/2007,Estado de México,612.7905
01/10/2007,Estado de México,553.827
01/01/2008,Estado de México,480.3604
01/04/2008,Estado de México,578.3277
01/07/2008,Estado de México,555.6922
01/10/2008,Estado de México,537.7589
01/01/2009,Estado de México,460.4224
01/04/2009,Estado de México,464.9751
01/07/2009,Estado de México,446.4022
01/10/2009,Estado de México,394.2345
01/01/2010,Estado de México,397.9929
01/04/2010,Estado de México,460.4363
01/07/2010,Estado de México,438.4753
01/10/2010,Estado de México,393.526
01/01/2011,Estado de México,385.2854
01/04/2011,Estado de México,460.8183
01/07/2011,Estado de México,463.7509
01/10/2011,Estado de México,402.6347
01/01/2012,Estado de México,389.1599
01/04/2012,Estado de México,462.6048
01/07/2012,Estado de México,396.6213
01/10/2012,Estado de México,374.5032
01/01/2013,Estado de México,345.6583
01/04/2013,Estado de México,406.3226
01/07/2013,Estado de México,379.905
01/10/2013,Estado de México,353.8419
01/01/2014,Estado de México,349.9655
01/04/2014,Estado de México,387.826
01/07/2014,Estado de México,381.4503
01/10/2014,Estado de México,392.7766
01/01/2015,Estado de México,380.2281
01/04/2015,Estado de México,408.1532
01/07/2015,Estado de México,416.7126
01/10/2015,Estado de México,397.4069
01/01/2016,Estado de México,389.7678
01/04/2016,Estado de México,426.8207
01/07/2016,Estado de México,411.1184
01/10/2016,Estado de México,422.5181
01/01/2017,Estado de México,422.4368
01/04/2017,Estado de México,454.9149
01/07/2017,Estado de México,461.2925
01/10/2017,Estado de México,475.8314
01/01/2018,Estado de México,426.8181
01/04/2018,Estado de México,526.4712
01/07/2018,Estado de México,496.5621
01/10/2018,Estado de México,518.0592
01/01/2019,Estado de México,464.3755
01/04/2019,Estado de México,551.8263
01/07/2019,Estado de México,558.3734
01/10/2019,Estado de México,534.8486
01/01/2020,Estado de México,557.0853
01/04/2020,Estado de México,548.383
01/07/2020,Estado de México,716.7824
01/10/2020,Estado de México,673.0076
01/01/2021,Estado de México,650.2748
01/04/2021,Estado de México,812.4374
01/07/2021,Estado de México,859.2231
01/10/2021,Estado de México,894.1018
01/01/2022,Estado de México,781.8959
01/04/2022,Estado de México,904.8572
01/07/2022,Estado de México,916.5691
01/10/2022,Estado de México,951.282
01/01/2023,Estado de México,820.4918
01/04/2023,Estado de México,1158.5228
01/07/2023,Estado de México,1260.3781
01/10/2023,Estado de México,1114.3647
01/01/2024,Estado de México,1029.4358
01/04/2024,Estado de México,1241.1448
01/07/2024,Estado de México,1235.1297
01/10/2024,Estado de México,1095.7856
01/01/2025,Estado de México,890.6886
01/04/2025,Estado de México,933.6807
01/01/2003,Guanajuato,287.6171
01/04/2003,Guanajuato,379.5424
01/07/2003,Guanajuato,388.6516
01/10/2003,Guanajuato,351.6461
01/01/2004,Guanajuato,353.0338
01/04/2004,Guanajuato,483.5346
01/07/2004,Guanajuato,484.5806
01/10/2004,Guanajuato,406.8386
01/01/2005,Guanajuato,392.3325
01/04/2005,Guanajuato,526.3812
01/07/2005,Guanajuato,516.7954
01/10/2005,Guanajuato,469.2516
01/01/2006,Guanajuato,487.7
01/04/2006,Guanajuato,646.0754
01/07/2006,Guanajuato,629.0415
01/10/2006,Guanajuato,548.3864
01/01/2007,Guanajuato,528.8281
01/04/2007,Guanajuato,665.1642
01/07/2007,Guanajuato,672.8109
01/10/2007,Guanajuato,580.2908
01/01/2008,Guanajuato,537.571
01/04/2008,Guanajuato,674.9709
01/07/2008,Guanajuato,623.0018
01/10/2008,Guanajuato,578.2107
01/01/2009,Guanajuato,520.4122
01/04/2009,Guanajuato,549.4618
01/07/2009,Guanajuato,515.4147
01/10/2009,Guanajuato,434.2584
01/01/2010,Guanajuato,447.9897
01/04/2010,Guanajuato,573.2479
01/07/2010,Guanajuato,542.8156
01/10/2010,Guanajuato,481.184
01/01/2011,Guanajuato,487.6146
01/04/2011,Guanajuato,600.6107
01/07/2011,Guanajuato,606.9855
01/10/2011,Guanajuato,530.9754
01/01/2012,Guanajuato,517.236
01/04/2012,Guanajuato,654.2814
01/07/2012,Guanajuato,536.0315
01/10/2012,Guanajuato,511.5245
01/01/2013,Guanajuato,470.7241
01/04/2013,Guanajuato,587.4354
01/07/2013,Guanajuato,526.79
01/10/2013,Guanajuato,495.32
01/01/2014,Guanajuato,508.3573
01/04/2014,Guanajuato,584.439
01/07/2014,Guanajuato,558.1788
01/10/2014,Guanajuato,511.0242
01/01/2015,Guanajuato,521.2861
01/04/2015,Guanajuato,549.6364
01/07/2015,Guanajuato,623.3593
01/10/2015,Guanajuato,563.482
01/01/2016,Guanajuato,557.3944
01/04/2016,Guanajuato,640.0218
01/07/2016,Guanajuato,639.0059
01/10/2016,Guanajuato,623.1983
01/01/2017,Guanajuato,618.6441
01/04/2017,Guanajuato,722.1986
01/07/2017,Guanajuato,722.2228
01/10/2017,Guanajuato,743.1598
01/01/2018,Guanajuato,645.4894
01/04/2018,Guanajuato,847.3377
01/07/2018,Guanajuato,788.7582
01/10/2018,Guanajuato,827.0617
01/01/2019,Guanajuato,705.087
01/04/2019,Guanajuato,877.6326
01/07/2019,Guanajuato,928.7134
01/10/2019,Guanajuato,876.7779
01/01/2020,Guanajuato,839.5257
01/04/2020,Guanajuato,937.0533
01/07/2020,Guanajuato,870.9757
01/10/2020,Guanajuato,904.9955
01/01/2021,Guanajuato,883.9296
01/04/2021,Guanajuato,1129.6304
01/07/2021,Guanajuato,1152.1645
01/10/2021,Guanajuato,1214.5986
01/01/2022,Guanajuato,1048.7546
01/04/2022,Guanajuato,1321.9024
01/07/2022,Guanajuato,1351.716
01/10/2022,Guanajuato,1331.5198
01/01/2023,Guanajuato,1173.0612
01/04/2023,Guanajuato,1411.2599
01/07/2023,Guanajuato,1438.283
01/10/2023,Guanajuato,1391.8657
01/01/2024,Guanajuato,1175.8475
01/04/2024,Guanajuato,1492.3615
01/07/2024,Guanajuato,1520.1924
01/10/2024,Guanajuato,1456.8817
01/01/2025,Guanajuato,1216.9694
01/04/2025,Guanajuato,1387.2517
01/01/2003,Guerrero,197.8474
01/04/2003,Guerrero,223.6489
01/07/2003,Guerrero,224.0639
01/10/2003,Guerrero,231.8889
01/01/2004,Guerrero,220.3849
01/04/2004,Guerrero,271.1678
01/07/2004,Guerrero,266.8503
01/10/2004,Guerrero,259.9445
01/01/2005,Guerrero,256.9729
01/04/2005,Guerrero,311.2756
01/07/2005,Guerrero,300.0687
01/10/2005,Guerrero,306.2901
01/01/2006,Guerrero,325.5995
01/04/2006,Guerrero,391.7443
01/07/2006,Guerrero,370.9933
01/10/2006,Guerrero,367.3848
01/01/2007,Guerrero,345.3268
01/04/2007,Guerrero,392.6136
01/07/2007,Guerrero,406.1622
01/10/2007,Guerrero,381.71
01/01/2008,Guerrero,350.2319
01/04/2008,Guerrero,405.9122
01/07/2008,Guerrero,367.1055
01/10/2008,Guerrero,371.412
01/01/2009,Guerrero,332.2876
01/04/2009,Guerrero,322.9895
01/07/2009,Guerrero,306.249
01/10/2009,Guerrero,284.822
01/01/2010,Guerrero,287.6483
01/04/2010,Guerrero,347.8559
01/07/2010,Guerrero,312.8846
01/10/2010,Guerrero,291.9072
01/01/2011,Guerrero,303.0819
01/04/2011,Guerrero,353.158
01/07/2011,Guerrero,340.5414
01/10/2011,Guerrero,306.715
01/01/2012,Guerrero,314.449
01/04/2012,Guerrero,355.9627
01/07/2012,Guerrero,298.7873
01/10/2012,Guerrero,308.3811
01/01/2013,Guerrero,292.8741
01/04/2013,Guerrero,343.4595
01/07/2013,Guerrero,297.933
01/10/2013,Guerrero,315.7622
01/01/2014,Guerrero,296.6342
01/04/2014,Guerrero,326.5115
01/07/2014,Guerrero,326.7125
01/10/2014,Guerrero,295.3174
01/01/2015,Guerrero,293.399
01/04/2015,Guerrero,347.6128
01/07/2015,Guerrero,338.821
01/10/2015,Guerrero,333.2965
01/01/2016,Guerrero,341.9768
01/04/2016,Guerrero,369.4091
01/07/2016,Guerrero,339.326
01/10/2016,Guerrero,355.7018
01/01/2017,Guerrero,368.2742
01/04/2017,Guerrero,395.5521
01/07/2017,Guerrero,373.0404
01/10/2017,Guerrero,398.173
01/01/2018,Guerrero,374.5522
01/04/2018,Guerrero,451.7389
01/07/2018,Guerrero,405.1669
01/10/2018,Guerrero,437.8882
01/01/2019,Guerrero,406.173
01/04/2019,Guerrero,472.9011
01/07/2019,Guerrero,467.0142
01/10/2019,Guerrero,458.6798
01/01/2020,Guerrero,486.9215
01/04/2020,Guerrero,466.2763
01/07/2020,Guerrero,502.2996
01/10/2020,Guerrero,551.2104
01/01/2021,Guerrero,559.4591
01/04/2021,Guerrero,684.9745
01/07/2021,Guerrero,687.2712
01/10/2021,Guerrero,750.3467
01/01/2022,Guerrero,673.0547
01/04/2022,Guerrero,778.6208
01/07/2022,Guerrero,761.4405
01/10/2022,Guerrero,776.957
01/01/2023,Guerrero,721.6811
01/04/2023,Guerrero,826.0649
01/07/2023,Guerrero,831.9076
01/10/2023,Guerrero,802.3143
01/01/2024,Guerrero,703.326
01/04/2024,Guerrero,879.9237
01/07/2024,Guerrero,841.5499
01/10/2024,Guerrero,861.4191
01/01/2025,Guerrero,797.986
01/04/2025,Guerrero,856.9962
01/01/2003,Hidalgo,117.1057
01/04/2003,Hidalgo,160.3518
01/07/2003,Hidalgo,172.8014
01/10/2003,Hidalgo,158.1896
01/01/2004,Hidalgo,138.3583
01/04/2004,Hidalgo,204.3108
01/07/2004,Hidalgo,206.1733
01/10/2004,Hidalgo,176.7416
01/01/2005,Hidalgo,158.8898
01/04/2005,Hidalgo,222.4077
01/07/2005,Hidalgo,225.2904
01/10/2005,Hidalgo,208.3946
01/01/2006,Hidalgo,206.8253
01/04/2006,Hidalgo,277.8944
01/07/2006,Hidalgo,263.7453
01/10/2006,Hidalgo,234.3818
01/01/2007,Hidalgo,238.9438
01/04/2007,Hidalgo,302.6259
01/07/2007,Hidalgo,310.0812
01/10/2007,Hidalgo,267.2735
01/01/2008,Hidalgo,222.5184
01/04/2008,Hidalgo,280.4741
01/07/2008,Hidalgo,256.2411
01/10/2008,Hidalgo,241.5681
01/01/2009,Hidalgo,198.9578
01/04/2009,Hidalgo,214.473
01/07/2009,Hidalgo,200.3754
01/10/2009,Hidalgo,167.1223
01/01/2010,Hidalgo,160.4849
01/04/2010,Hidalgo,209.3317
01/07/2010,Hidalgo,199.1191
01/10/2010,Hidalgo,169.6658
01/01/2011,Hidalgo,165.5368
01/04/2011,Hidalgo,215.2494
01/07/2011,Hidalgo,220.552
01/10/2011,Hidalgo,186.2549
01/01/2012,Hidalgo,172.9153
01/04/2012,Hidalgo,228.7619
01/07/2012,Hidalgo,181.9016
01/10/2012,Hidalgo,165.1385
01/01/2013,Hidalgo,139.0405
01/04/2013,Hidalgo,173.3925
01/07/2013,Hidalgo,175.4145
01/10/2013,Hidalgo,165.6179
01/01/2014,Hidalgo,140.2278
01/04/2014,Hidalgo,170.6128
01/07/2014,Hidalgo,195.5185
01/10/2014,Hidalgo,238.2655
01/01/2015,Hidalgo,186.2641
01/04/2015,Hidalgo,187.4133
01/07/2015,Hidalgo,198.0104
01/10/2015,Hidalgo,176.6152
01/01/2016,Hidalgo,170.6806
01/04/2016,Hidalgo,206.6122
01/07/2016,Hidalgo,207.0973
01/10/2016,Hidalgo,200.8195
01/01/2017,Hidalgo,194.5401
01/04/2017,Hidalgo,220.9167
01/07/2017,Hidalgo,220.7629
01/10/2017,Hidalgo,222.7008
01/01/2018,Hidalgo,190.2492
01/04/2018,Hidalgo,257.2015
01/07/2018,Hidalgo,242.7168
01/10/2018,Hidalgo,242.3114
01/01/2019,Hidalgo,205.9827
01/04/2019,Hidalgo,261.2545
01/07/2019,Hidalgo,275.1705
01/10/2019,Hidalgo,246.4367
01/01/2020,Hidalgo,239.8917
01/04/2020,Hidalgo,257.7693
01/07/2020,Hidalgo,286.8825
01/10/2020,Hidalgo,272.4531
01/01/2021,Hidalgo,261.8188
01/04/2021,Hidalgo,337.3944
01/07/2021,Hidalgo,356.8222
01/10/2021,Hidalgo,369.3631
01/01/2022,Hidalgo,352.088
01/04/2022,Hidalgo,417.0447
01/07/2022,Hidalgo,450.7638
01/10/2022,Hidalgo,472.6261
01/01/2023,Hidalgo,380.0545
01/04/2023,Hidalgo,453.0092
01/07/2023,Hidalgo,480.1191
01/10/2023,Hidalgo,441.5947
01/01/2024,Hidalgo,374.7536
01/04/2024,Hidalgo,478.0774
01/07/2024,Hidalgo,480.0329
01/10/2024,Hidalgo,451.476
01/01/2025,Hidalgo,395.5234
01/04/2025,Hidalgo,447.926
01/01/2003,Jalisco,281.2503
01/04/2003,Jalisco,363.3593
01/07/2003,Jalisco,372.2595
01/10/2003,Jalisco,318.196
01/01/2004,Jalisco,314.2456
01/04/2004,Jalisco,390.9972
01/07/2004,Jalisco,383.6351
01/10/2004,Jalisco,373.3512
01/01/2005,Jalisco,374.5538
01/04/2005,Jalisco,438.8012
01/07/2005,Jalisco,440.7185
01/10/2005,Jalisco,441.6665
01/01/2006,Jalisco,451.9396
01/04/2006,Jalisco,520.156
01/07/2006,Jalisco,502.4231
01/10/2006,Jalisco,500.9563
01/01/2007,Jalisco,483.6008
01/04/2007,Jalisco,525.7752
01/07/2007,Jalisco,533.0962
01/10/2007,Jalisco,501.9892
01/01/2008,Jalisco,466.7156
01/04/2008,Jalisco,530.3165
01/07/2008,Jalisco,495.0799
01/10/2008,Jalisco,501.4576
01/01/2009,Jalisco,474.3114
01/04/2009,Jalisco,467.0428
01/07/2009,Jalisco,424.6655
01/10/2009,Jalisco,394.1753
01/01/2010,Jalisco,428.0822
01/04/2010,Jalisco,485.3929
01/07/2010,Jalisco,459.0779
01/10/2010,Jalisco,439.6338
01/01/2011,Jalisco,451.2202
01/04/2011,Jalisco,502.3151
01/07/2011,Jalisco,521.5371
01/10/2011,Jalisco,482.5804
01/01/2012,Jalisco,479.4371
01/04/2012,Jalisco,562.2748
01/07/2012,Jalisco,453.6895
01/10/2012,Jalisco,459.2145
01/01/2013,Jalisco,419.2392
01/04/2013,Jalisco,496.2301
01/07/2013,Jalisco,453.5533
01/10/2013,Jalisco,449.1739
01/01/2014,Jalisco,477.3817
01/04/2014,Jalisco,506.4382
01/07/2014,Jalisco,476.5725
01/10/2014,Jalisco,559.8871
01/01/2015,Jalisco,551.4527
01/04/2015,Jalisco,516.8548
01/07/2015,Jalisco,591.5599
01/10/2015,Jalisco,566.2047
01/01/2016,Jalisco,599.0904
01/04/2016,Jalisco,666.0384
01/07/2016,Jalisco,652.824
01/10/2016,Jalisco,663.2252
01/01/2017,Jalisco,665.4574
01/04/2017,Jalisco,730.0883
01/07/2017,Jalisco,735.2358
01/10/2017,Jalisco,787.1608
01/01/2018,Jalisco,718.7836
01/04/2018,Jalisco,914.5006
01/07/2018,Jalisco,816.8955
01/10/2018,Jalisco,897.9371
01/01/2019,Jalisco,784.2682
01/04/2019,Jalisco,916.8092
01/07/2019,Jalisco,955.3507
01/10/2019,Jalisco,913.6723
01/01/2020,Jalisco,1007.7629
01/04/2020,Jalisco,1060.5508
01/07/2020,Jalisco,1057.4414
01/10/2020,Jalisco,1103.9497
01/01/2021,Jalisco,1192.9046
01/04/2021,Jalisco,1356.1912
01/07/2021,Jalisco,1333.5875
01/10/2021,Jalisco,1402.9393
01/01/2022,Jalisco,1208.6337
01/04/2022,Jalisco,1393.6795
01/07/2022,Jalisco,1409.4763
01/10/2022,Jalisco,1377.2217
01/01/2023,Jalisco,1261.476
01/04/2023,Jalisco,1378.7392
01/07/2023,Jalisco,1382.0392
01/10/2023,Jalisco,1333.6311
01/01/2024,Jalisco,1203.6883
01/04/2024,Jalisco,1440.0521
01/07/2024,Jalisco,1448.2362
01/10/2024,Jalisco,1411.1213
01/01/2025,Jalisco,1248.592
01/04/2025,Jalisco,1260.4641
01/01/2003,Michoacán,394.2626
01/04/2003,Michoacán,466.3701
01/07/2003,Michoacán,473.9192
01/10/2003,Michoacán,452.9158
01/01/2004,Michoacán,474.7085
01/04/2004,Michoacán,630.2875
01/07/2004,Michoacán,615.119
01/10/2004,Michoacán,561.2882
01/01/2005,Michoacán,532.1029
01/04/2005,Michoacán,652.5181
01/07/2005,Michoacán,642.3117
01/10/2005,Michoacán,615.4683
01/01/2006,Michoacán,595.8028
01/04/2006,Michoacán,674.4036
01/07/2006,Michoacán,641.4188
01/10/2006,Michoacán,592.067
01/01/2007,Michoacán,580.2547
01/04/2007,Michoacán,651.6658
01/07/2007,Michoacán,662.7639
01/10/2007,Michoacán,599.4931
01/01/2008,Michoacán,584.7632
01/04/2008,Michoacán,684.9811
01/07/2008,Michoacán,639.3304
01/10/2008,Michoacán,640.8676
01/01/2009,Michoacán,587.4062
01/04/2009,Michoacán,581.2304
01/07/2009,Michoacán,549.4398
01/10/2009,Michoacán,496.0581
01/01/2010,Michoacán,514.5152
01/04/2010,Michoacán,604.0898
01/07/2010,Michoacán,567.8475
01/10/2010,Michoacán,527.29
01/01/2011,Michoacán,533.2635
01/04/2011,Michoacán,603.5942
01/07/2011,Michoacán,611.047
01/10/2011,Michoacán,570.3928
01/01/2012,Michoacán,558.3891
01/04/2012,Michoacán,658.2044
01/07/2012,Michoacán,540.6369
01/10/2012,Michoacán,535.5734
01/01/2013,Michoacán,492.7963
01/04/2013,Michoacán,576.0418
01/07/2013,Michoacán,526.0796
01/10/2013,Michoacán,529.384
01/01/2014,Michoacán,538.0141
01/04/2014,Michoacán,581.5689
01/07/2014,Michoacán,575.9919
01/10/2014,Michoacán,624.5305
01/01/2015,Michoacán,620.4468
01/04/2015,Michoacán,598.4791
01/07/2015,Michoacán,678.556
01/10/2015,Michoacán,653.4527
01/01/2016,Michoacán,659.2861
01/04/2016,Michoacán,720.3576
01/07/2016,Michoacán,702.6574
01/10/2016,Michoacán,739.1579
01/01/2017,Michoacán,720.7769
01/04/2017,Michoacán,781.6546
01/07/2017,Michoacán,771.4935
01/10/2017,Michoacán,849.4364
01/01/2018,Michoacán,750.7397
01/04/2018,Michoacán,938.0802
01/07/2018,Michoacán,849.4964
01/10/2018,Michoacán,964.9982
01/01/2019,Michoacán,805.3664
01/04/2019,Michoacán,943.6692
01/07/2019,Michoacán,988.4165
01/10/2019,Michoacán,981.3776
01/01/2020,Michoacán,991.1247
01/04/2020,Michoacán,1039.669
01/07/2020,Michoacán,1030.0113
01/10/2020,Michoacán,1125.1814
01/01/2021,Michoacán,1082.088
01/04/2021,Michoacán,1319.443
01/07/2021,Michoacán,1307.4811
01/10/2021,Michoacán,1385.1992
01/01/2022,Michoacán,1180.876
01/04/2022,Michoacán,1378.1542
01/07/2022,Michoacán,1386.9607
01/10/2022,Michoacán,1394.9016
01/01/2023,Michoacán,1222.5512
01/04/2023,Michoacán,1386.5336
01/07/2023,Michoacán,1386.9804
01/10/2023,Michoacán,1413.5164
01/01/2024,Michoacán,1221.6174
01/04/2024,Michoacán,1462.0119
01/07/2024,Michoacán,1479.0693
01/10/2024,Michoacán,1483.8989
01/01/2025,Michoacán,1267.8189
01/04/2025,Michoacán,1328.8742
01/01/2003,Morelos,82.0447
01/04/2003,Morelos,96.0133
01/07/2003,Morelos,98.1532
01/10/2003,Morelos,96.9521
01/01/2004,Morelos,90.7133
01/04/2004,Morelos,114.6308
01/07/2004,Morelos,116.5146
01/10/2004,Morelos,111.3236
01/01/2005,Morelos,106.3381
01/04/2005,Morelos,132.1542
01/07/2005,Morelos,132.9232
01/10/2005,Morelos,133.7358
01/01/2006,Morelos,132.1375
01/04/2006,Morelos,155.9915
01/07/2006,Morelos,152.3371
01/10/2006,Morelos,147.5335
01/01/2007,Morelos,145.1718
01/04/2007,Morelos,165.7102
01/07/2007,Morelos,174.4596
01/10/2007,Morelos,165.666
01/01/2008,Morelos,148.458
01/04/2008,Morelos,173.3841
01/07/2008,Morelos,164.4816
01/10/2008,Morelos,161.9629
01/01/2009,Morelos,147.5628
01/04/2009,Morelos,148.8797
01/07/2009,Morelos,142.277
01/10/2009,Morelos,130.4225
01/01/2010,Morelos,136.0308
01/04/2010,Morelos,155.3584
01/07/2010,Morelos,146.123
01/10/2010,Morelos,135.2576
01/01/2011,Morelos,138.2151
01/04/2011,Morelos,161.901
01/07/2011,Morelos,161.8117
01/10/2011,Morelos,144.0281
01/01/2012,Morelos,140.2217
01/04/2012,Morelos,166.8066
01/07/2012,Morelos,138.8638
01/10/2012,Morelos,136.5926
01/01/2013,Morelos,122.0115
01/04/2013,Morelos,145.281
01/07/2013,Morelos,132.2791
01/10/2013,Morelos,133.8762
01/01/2014,Morelos,123.9604
01/04/2014,Morelos,148.2415
01/07/2014,Morelos,135.8522
01/10/2014,Morelos,137.3227
01/01/2015,Morelos,131.3567
01/04/2015,Morelos,169.2729
01/07/2015,Morelos,147.0014
01/10/2015,Morelos,142.0454
01/01/2016,Morelos,142.1365
01/04/2016,Morelos,155.5493
01/07/2016,Morelos,148.8206
01/10/2016,Morelos,151.2615
01/01/2017,Morelos,152.0469
01/04/2017,Morelos,170.0576
01/07/2017,Morelos,169.7628
01/10/2017,Morelos,169.7668
01/01/2018,Morelos,151.1969
01/04/2018,Morelos,186.1846
01/07/2018,Morelos,175.187
01/10/2018,Morelos,183.3363
01/01/2019,Morelos,163.3117
01/04/2019,Morelos,191.356
01/07/2019,Morelos,193.3568
01/10/2019,Morelos,181.5869
01/01/2020,Morelos,183.7714
01/04/2020,Morelos,179.6583
01/07/2020,Morelos,203.5694
01/10/2020,Morelos,215.0726
01/01/2021,Morelos,208.8677
01/04/2021,Morelos,262.1544
01/07/2021,Morelos,278.2708
01/10/2021,Morelos,280.4189
01/01/2022,Morelos,238.1244
01/04/2022,Morelos,277.8354
01/07/2022,Morelos,293.7677
01/10/2022,Morelos,301.4101
01/01/2023,Morelos,257.7929
01/04/2023,Morelos,295.121
01/07/2023,Morelos,311.1851
01/10/2023,Morelos,284.9758
01/01/2024,Morelos,249.5489
01/04/2024,Morelos,303.6788
01/07/2024,Morelos,299.7439
01/10/2024,Morelos,291.2206
01/01/2025,Morelos,263.3552
01/04/2025,Morelos,293.3877
01/01/2003,Nayarit,48.2627
01/04/2003,Nayarit,58.6294
01/07/2003,Nayarit,61.6351
01/10/2003,Nayarit,58.9999
01/01/2004,Nayarit,53.4939
01/04/2004,Nayarit,70.0164
01/07/2004,Nayarit,72.7572
01/10/2004,Nayarit,66.1352
01/01/2005,Nayarit,64.4181
01/04/2005,Nayarit,77.8645
01/07/2005,Nayarit,81.1892
01/10/2005,Nayarit,79.2144
01/01/2006,Nayarit,76.3275
01/04/2006,Nayarit,92.5076
01/07/2006,Nayarit,93.2885
01/10/2006,Nayarit,86.118
01/01/2007,Nayarit,82.4545
01/04/2007,Nayarit,97.0319
01/07/2007,Nayarit,107.0253
01/10/2007,Nayarit,98.0506
01/01/2008,Nayarit,85.8857
01/04/2008,Nayarit,102.4024
01/07/2008,Nayarit,101.7713
01/10/2008,Nayarit,102.0293
01/01/2009,Nayarit,88.4214
01/04/2009,Nayarit,90.4016
01/07/2009,Nayarit,93.7677
01/10/2009,Nayarit,82.1057
01/01/2010,Nayarit,77.2123
01/04/2010,Nayarit,91.4059
01/07/2010,Nayarit,92.87
01/10/2010,Nayarit,86.7895
01/01/2011,Nayarit,83.1167
01/04/2011,Nayarit,92.8277
01/07/2011,Nayarit,101.6266
01/10/2011,Nayarit,90.4265
01/01/2012,Nayarit,82.8977
01/04/2012,Nayarit,96.5471
01/07/2012,Nayarit,87.5549
01/10/2012,Nayarit,85.3943
01/01/2013,Nayarit,74.1102
01/04/2013,Nayarit,87.8145
01/07/2013,Nayarit,88.0634
01/10/2013,Nayarit,82.8867
01/01/2014,Nayarit,82.1315
01/04/2014,Nayarit,92.5121
01/07/2014,Nayarit,99.6309
01/10/2014,Nayarit,99.4325
01/01/2015,Nayarit,91.1018
01/04/2015,Nayarit,91.4583
01/07/2015,Nayarit,115.1894
01/10/2015,Nayarit,104.5948
01/01/2016,Nayarit,97.4946
01/04/2016,Nayarit,113.2922
01/07/2016,Nayarit,121.2892
01/10/2016,Nayarit,116.2809
01/01/2017,Nayarit,109.1371
01/04/2017,Nayarit,125.0377
01/07/2017,Nayarit,136.7322
01/10/2017,Nayarit,137.5554
01/01/2018,Nayarit,114.0383
01/04/2018,Nayarit,148.1963
01/07/2018,Nayarit,144.5457
01/10/2018,Nayarit,154.5135
01/01/2019,Nayarit,126.7753
01/04/2019,Nayarit,154.2011
01/07/2019,Nayarit,164.7748
01/10/2019,Nayarit,153.6442
01/01/2020,Nayarit,153.0249
01/04/2020,Nayarit,167.0386
01/07/2020,Nayarit,185.1789
01/10/2020,Nayarit,189.0504
01/01/2021,Nayarit,184.3698
01/04/2021,Nayarit,228.044
01/07/2021,Nayarit,225.0717
01/10/2021,Nayarit,232.9669
01/01/2022,Nayarit,188.9825
01/04/2022,Nayarit,224.7423
01/07/2022,Nayarit,225.5335
01/10/2022,Nayarit,229.1931
01/01/2023,Nayarit,195.2143
01/04/2023,Nayarit,227.1599
01/07/2023,Nayarit,228.8639
01/10/2023,Nayarit,223.591
01/01/2024,Nayarit,191.3337
01/04/2024,Nayarit,230.017
01/07/2024,Nayarit,221.1516
01/10/2024,Nayarit,215.1502
01/01/2025,Nayarit,184.5414
01/04/2025,Nayarit,197.3304
01/01/2003,Nuevo León,32.2586
01/04/2003,Nuevo León,44.3049
01/07/2003,Nuevo León,56.301
01/10/2003,Nuevo León,56.3049
01/01/2004,Nuevo León,57.9099
01/04/2004,Nuevo León,80.1494
01/07/2004,Nuevo León,81.8962
01/10/2004,Nuevo León,75.8945
01/01/2005,Nuevo León,57.8435
01/04/2005,Nuevo León,74.9905
01/07/2005,Nuevo León,74.218
01/10/2005,Nuevo León,76.9313
01/01/2006,Nuevo León,78.4932
01/04/2006,Nuevo León,91.8939
01/07/2006,Nuevo León,88.9527
01/10/2006,Nuevo León,83.2128
01/01/2007,Nuevo León,74.1641
01/04/2007,Nuevo León,86.8561
01/07/2007,Nuevo León,89.4156
01/10/2007,Nuevo León,84.635
01/01/2008,Nuevo León,77.2596
01/04/2008,Nuevo León,92.0709
01/07/2008,Nuevo León,84.9902
01/10/2008,Nuevo León,82.8891
01/01/2009,Nuevo León,77.6247
01/04/2009,Nuevo León,79.6194
01/07/2009,Nuevo León,77.2217
01/10/2009,Nuevo León,69.7594
01/01/2010,Nuevo León,69.3892
01/04/2010,Nuevo León,77.4304
01/07/2010,Nuevo León,74.7943
01/10/2010,Nuevo León,71.5394
01/01/2011,Nuevo León,70.0365
01/04/2011,Nuevo León,84.0508
01/07/2011,Nuevo León,85.1384
01/10/2011,Nuevo León,79.7875
01/01/2012,Nuevo León,82.7668
01/04/2012,Nuevo León,96.0732
01/07/2012,Nuevo León,89.9847
01/10/2012,Nuevo León,84.0891
01/01/2013,Nuevo León,154.9999
01/04/2013,Nuevo León,158.0886
01/07/2013,Nuevo León,151.5501
01/10/2013,Nuevo León,147.0962
01/01/2014,Nuevo León,144.6499
01/04/2014,Nuevo León,161.4764
01/07/2014,Nuevo León,161.3559
01/10/2014,Nuevo León,162.0871
01/01/2015,Nuevo León,149.655
01/04/2015,Nuevo León,171.3647
01/07/2015,Nuevo León,171.0127
01/10/2015,Nuevo León,161.856
01/01/2016,Nuevo León,159.5737
01/04/2016,Nuevo León,169.72
01/07/2016,Nuevo León,160.0198
01/10/2016,Nuevo León,174.8672
01/01/2017,Nuevo León,204.0002
01/04/2017,Nuevo León,222.2957
01/07/2017,Nuevo León,223.1238
01/10/2017,Nuevo León,234.2578
01/01/2018,Nuevo León,209.7799
01/04/2018,Nuevo León,258.3967
01/07/2018,Nuevo León,241.7395
01/10/2018,Nuevo León,241.742
01/01/2019,Nuevo León,219.8189
01/04/2019,Nuevo León,259.4113
01/07/2019,Nuevo León,256.1759
01/10/2019,Nuevo León,239.8938
01/01/2020,Nuevo León,232.1945
01/04/2020,Nuevo León,252.2842
01/07/2020,Nuevo León,283.49
01/10/2020,Nuevo León,276.5564
01/01/2021,Nuevo León,267.9773
01/04/2021,Nuevo León,345.3438
01/07/2021,Nuevo León,359.827
01/10/2021,Nuevo León,357.109
01/01/2022,Nuevo León,309.9185
01/04/2022,Nuevo León,378.951
01/07/2022,Nuevo León,383.6484
01/10/2022,Nuevo León,382.037
01/01/2023,Nuevo León,337.933
01/04/2023,Nuevo León,371.5939
01/07/2023,Nuevo León,389.0304
01/10/2023,Nuevo León,373.1547
01/01/2024,Nuevo León,323.164
01/04/2024,Nuevo León,395.4899
01/07/2024,Nuevo León,320.7157
01/10/2024,Nuevo León,315.6159
01/01/2025,Nuevo León,270.2013
01/04/2025,Nuevo León,289.4902
01/01/2003,Oaxaca,160.9013
01/04/2003,Oaxaca,202.4293
01/07/2003,Oaxaca,216.9036
01/10/2003,Oaxaca,206.8831
01/01/2004,Oaxaca,185.4422
01/04/2004,Oaxaca,258.8522
01/07/2004,Oaxaca,269.0563
01/10/2004,Oaxaca,235.5084
01/01/2005,Oaxaca,215.4248
01/04/2005,Oaxaca,283.3189
01/07/2005,Oaxaca,296.3175
01/10/2005,Oaxaca,285.1875
01/01/2006,Oaxaca,287.9489
01/04/2006,Oaxaca,374.2358
01/07/2006,Oaxaca,363.359
01/10/2006,Oaxaca,334.6353
01/01/2007,Oaxaca,328.5859
01/04/2007,Oaxaca,399.6227
01/07/2007,Oaxaca,442.8153
01/10/2007,Oaxaca,384.2879
01/01/2008,Oaxaca,338.3665
01/04/2008,Oaxaca,419.7608
01/07/2008,Oaxaca,413.7173
01/10/2008,Oaxaca,413.5592
01/01/2009,Oaxaca,338.1253
01/04/2009,Oaxaca,358.5294
01/07/2009,Oaxaca,352.1954
01/10/2009,Oaxaca,299.3891
01/01/2010,Oaxaca,291.0938
01/04/2010,Oaxaca,374.0076
01/07/2010,Oaxaca,361.8152
01/10/2010,Oaxaca,311.4817
01/01/2011,Oaxaca,309.9395
01/04/2011,Oaxaca,390.4134
01/07/2011,Oaxaca,418.1041
01/10/2011,Oaxaca,355.6196
01/01/2012,Oaxaca,330.0824
01/04/2012,Oaxaca,434.2986
01/07/2012,Oaxaca,340.5152
01/10/2012,Oaxaca,312.8605
01/01/2013,Oaxaca,273.9162
01/04/2013,Oaxaca,330.1446
01/07/2013,Oaxaca,303.1929
01/10/2013,Oaxaca,286.3201
01/01/2014,Oaxaca,291.9721
01/04/2014,Oaxaca,319.2406
01/07/2014,Oaxaca,321.4833
01/10/2014,Oaxaca,323.9848
01/01/2015,Oaxaca,316.612
01/04/2015,Oaxaca,309.8915
01/07/2015,Oaxaca,353.6291
01/10/2015,Oaxaca,318.9452
01/01/2016,Oaxaca,333.0841
01/04/2016,Oaxaca,371.4771
01/07/2016,Oaxaca,372.749
01/10/2016,Oaxaca,383.6295
01/01/2017,Oaxaca,388.0902
01/04/2017,Oaxaca,397.2086
01/07/2017,Oaxaca,391.8822
01/10/2017,Oaxaca,403.2612
01/01/2018,Oaxaca,378.3629
01/04/2018,Oaxaca,491.6597
01/07/2018,Oaxaca,443.0468
01/10/2018,Oaxaca,476.8828
01/01/2019,Oaxaca,408.608
01/04/2019,Oaxaca,484.7773
01/07/2019,Oaxaca,517.6447
01/10/2019,Oaxaca,462.8193
01/01/2020,Oaxaca,499.1349
01/04/2020,Oaxaca,432.7972
01/07/2020,Oaxaca,520.2102
01/10/2020,Oaxaca,508.9593
01/01/2021,Oaxaca,513.2466
01/04/2021,Oaxaca,622.6662
01/07/2021,Oaxaca,642.8737
01/10/2021,Oaxaca,682.0709
01/01/2022,Oaxaca,631.7226
01/04/2022,Oaxaca,753.9672
01/07/2022,Oaxaca,782.7558
01/10/2022,Oaxaca,769.4965
01/01/2023,Oaxaca,710.6571
01/04/2023,Oaxaca,814.1102
01/07/2023,Oaxaca,869.0432
01/10/2023,Oaxaca,820.2387
01/01/2024,Oaxaca,730.4351
01/04/2024,Oaxaca,921.7115
01/07/2024,Oaxaca,914.5005
01/10/2024,Oaxaca,866.8083
01/01/2025,Oaxaca,807.6354
01/04/2025,Oaxaca,870.8599
01/01/2003,Puebla,182.1825
01/04/2003,Puebla,219.0562
01/07/2003,Puebla,229.5919
01/10/2003,Puebla,223.0519
01/01/2004,Puebla,201.2476
01/04/2004,Puebla,272.226
01/07/2004,Puebla,276.8143
01/10/2004,Puebla,258.7673
01/01/2005,Puebla,235.7881
01/04/2005,Puebla,308.9204
01/07/2005,Puebla,320.9896
01/10/2005,Puebla,316.3653
01/01/2006,Puebla,314.3171
01/04/2006,Puebla,397.6006
01/07/2006,Puebla,394.7749
01/10/2006,Puebla,375.8809
01/01/2007,Puebla,358.7589
01/04/2007,Puebla,426.3759
01/07/2007,Puebla,451.8065
01/10/2007,Puebla,420.6853
01/01/2008,Puebla,373.8539
01/04/2008,Puebla,454.9767
01/07/2008,Puebla,438.2833
01/10/2008,Puebla,415.2765
01/01/2009,Puebla,353.1438
01/04/2009,Puebla,375.797
01/07/2009,Puebla,368.7114
01/10/2009,Puebla,329.8863
01/01/2010,Puebla,313.3255
01/04/2010,Puebla,386.2983
01/07/2010,Puebla,374.1869
01/10/2010,Puebla,341.6535
01/01/2011,Puebla,341.7376
01/04/2011,Puebla,407.4262
01/07/2011,Puebla,409.1323
01/10/2011,Puebla,359.293
01/01/2012,Puebla,346.0045
01/04/2012,Puebla,414.566
01/07/2012,Puebla,349.4558
01/10/2012,Puebla,346.2852
01/01/2013,Puebla,317.8245
01/04/2013,Puebla,379.903
01/07/2013,Puebla,350.6299
01/10/2013,Puebla,335.7224
01/01/2014,Puebla,322.016
01/04/2014,Puebla,359.1064
01/07/2014,Puebla,353.1046
01/10/2014,Puebla,350.5989
01/01/2015,Puebla,329.2135
01/04/2015,Puebla,327.4779
01/07/2015,Puebla,367.2926
01/10/2015,Puebla,349.4919
01/01/2016,Puebla,349.0004
01/04/2016,Puebla,387.0531
01/07/2016,Puebla,379.7597
01/10/2016,Puebla,385.3152
01/01/2017,Puebla,393.3997
01/04/2017,Puebla,421.6918
01/07/2017,Puebla,418.8995
01/10/2017,Puebla,427.8191
01/01/2018,Puebla,391.327
01/04/2018,Puebla,472.124
01/07/2018,Puebla,445.1223
01/10/2018,Puebla,448.2929
01/01/2019,Puebla,407.1202
01/04/2019,Puebla,475.5046
01/07/2019,Puebla,489.337
01/10/2019,Puebla,458.736
01/01/2020,Puebla,454.0258
01/04/2020,Puebla,417.7536
01/07/2020,Puebla,556.9288
01/10/2020,Puebla,504.9147
01/01/2021,Puebla,452.5703
01/04/2021,Puebla,545.5178
01/07/2021,Puebla,571.9452
01/10/2021,Puebla,614.5802
01/01/2022,Puebla,580.2867
01/04/2022,Puebla,705.3037
01/07/2022,Puebla,739.058
01/10/2022,Puebla,749.1185
01/01/2023,Puebla,700.3465
01/04/2023,Puebla,820.9081
01/07/2023,Puebla,839.4293
01/10/2023,Puebla,784.2409
01/01/2024,Puebla,726.1879
01/04/2024,Puebla,891.3273
01/07/2024,Puebla,887.9038
01/10/2024,Puebla,861.3735
01/01/2025,Puebla,788.5591
01/04/2025,Puebla,857.1986
01/01/2003,Querétaro,56.5911
01/04/2003,Querétaro,75.4763
01/07/2003,Querétaro,76.6404
01/10/2003,Querétaro,74.6298
01/01/2004,Querétaro,68.1611
01/04/2004,Querétaro,98.4106
01/07/2004,Querétaro,100.8156
01/10/2004,Querétaro,86.0139
01/01/2005,Querétaro,81.1224
01/04/2005,Querétaro,112.1488
01/07/2005,Querétaro,112.1666
01/10/2005,Querétaro,100.4782
01/01/2006,Querétaro,103.2714
01/04/2006,Querétaro,138.0286
01/07/2006,Querétaro,130.3143
01/10/2006,Querétaro,112.4657
01/01/2007,Querétaro,106.5224
01/04/2007,Querétaro,130.8239
01/07/2007,Querétaro,135.5024
01/10/2007,Querétaro,113.8168
01/01/2008,Querétaro,100.6781
01/04/2008,Querétaro,126.1424
01/07/2008,Querétaro,115.9335
01/10/2008,Querétaro,111.7626
01/01/2009,Querétaro,97.7188
01/04/2009,Querétaro,101.4704
01/07/2009,Querétaro,95.8384
01/10/2009,Querétaro,78.9644
01/01/2010,Querétaro,77.6138
01/04/2010,Querétaro,104.9936
01/07/2010,Querétaro,99.2677
01/10/2010,Querétaro,84.0938
01/01/2011,Querétaro,81.592
01/04/2011,Querétaro,108.8447
01/07/2011,Querétaro,110.7317
01/10/2011,Querétaro,94.6642
01/01/2012,Querétaro,87.2592
01/04/2012,Querétaro,119.4842
01/07/2012,Querétaro,96.7294
01/10/2012,Querétaro,89.417
01/01/2013,Querétaro,78.7993
01/04/2013,Querétaro,104.5228
01/07/2013,Querétaro,96.0138
01/10/2013,Querétaro,146.6253
01/01/2014,Querétaro,86.1258
01/04/2014,Querétaro,105.3064
01/07/2014,Querétaro,108.7802
01/10/2014,Querétaro,109.9495
01/01/2015,Querétaro,102.2118
01/04/2015,Querétaro,119.8382
01/07/2015,Querétaro,131.0377
01/10/2015,Querétaro,116.8212
01/01/2016,Querétaro,112.4735
01/04/2016,Querétaro,141.5243
01/07/2016,Querétaro,141.6993
01/10/2016,Querétaro,139.0429
01/01/2017,Querétaro,134.6865
01/04/2017,Querétaro,155.2773
01/07/2017,Querétaro,157.8481
01/10/2017,Querétaro,159.7829
01/01/2018,Querétaro,134.9687
01/04/2018,Querétaro,185.6287
01/07/2018,Querétaro,178.0935
01/10/2018,Querétaro,176.5608
01/01/2019,Querétaro,149.8035
01/04/2019,Querétaro,189.9649
01/07/2019,Querétaro,202.4243
01/10/2019,Querétaro,183.7566
01/01/2020,Querétaro,182.6613
01/04/2020,Querétaro,200.6063
01/07/2020,Querétaro,224.1875
01/10/2020,Querétaro,216.9467
01/01/2021,Querétaro,199.0715
01/04/2021,Querétaro,262.9131
01/07/2021,Querétaro,289.4652
01/10/2021,Querétaro,277.2545
01/01/2022,Querétaro,245.0016
01/04/2022,Querétaro,312.328
01/07/2022,Querétaro,329.2512
01/10/2022,Querétaro,316.8985
01/01/2023,Querétaro,271.7638
01/04/2023,Querétaro,324.9937
01/07/2023,Querétaro,337.3307
01/10/2023,Querétaro,315.1261
01/01/2024,Querétaro,264.1905
01/04/2024,Querétaro,340.8139
01/07/2024,Querétaro,347.1881
01/10/2024,Querétaro,324.5581
01/01/2025,Querétaro,278.3369
01/04/2025,Querétaro,309.2733
01/01/2003,Quintana Roo,9.7764
01/04/2003,Quintana Roo,11.6203
01/07/2003,Quintana Roo,17.5592
01/10/2003,Quintana Roo,13.89
01/01/2004,Quintana Roo,13.5589
01/04/2004,Quintana Roo,18.2238
01/07/2004,Quintana Roo,18.1938
01/10/2004,Quintana Roo,17.4817
01/01/2005,Quintana Roo,19.1143
01/04/2005,Quintana Roo,22.887
01/07/2005,Quintana Roo,21.3068
01/10/2005,Quintana Roo,21.6656
01/01/2006,Quintana Roo,21.4882
01/04/2006,Quintana Roo,25.0248
01/07/2006,Quintana Roo,26.1767
01/10/2006,Quintana Roo,26.847
01/01/2007,Quintana Roo,22.1876
01/04/2007,Quintana Roo,25.5372
01/07/2007,Quintana Roo,27.6643
01/10/2007,Quintana Roo,25.5651
01/01/2008,Quintana Roo,23.1321
01/04/2008,Quintana Roo,27.2731
01/07/2008,Quintana Roo,26.7181
01/10/2008,Quintana Roo,24.2521
01/01/2009,Quintana Roo,21.6476
01/04/2009,Quintana Roo,22.8281
01/07/2009,Quintana Roo,22.8918
01/10/2009,Quintana Roo,21.4761
01/01/2010,Quintana Roo,19.7724
01/04/2010,Quintana Roo,23.9006
01/07/2010,Quintana Roo,23.547
01/10/2010,Quintana Roo,22.3827
01/01/2011,Quintana Roo,21.2729
01/04/2011,Quintana Roo,24.9744
01/07/2011,Quintana Roo,25.8245
01/10/2011,Quintana Roo,23.0096
01/01/2012,Quintana Roo,23.68
01/04/2012,Quintana Roo,26.7641
01/07/2012,Quintana Roo,22.8841
01/10/2012,Quintana Roo,23.52
01/01/2013,Quintana Roo,24.3421
01/04/2013,Quintana Roo,28.2849
01/07/2013,Quintana Roo,26.882
01/10/2013,Quintana Roo,25.0704
01/01/2014,Quintana Roo,24.7301
01/04/2014,Quintana Roo,27.2564
01/07/2014,Quintana Roo,28.5025
01/10/2014,Quintana Roo,28.1631
01/01/2015,Quintana Roo,27.9852
01/04/2015,Quintana Roo,33.4441
01/07/2015,Quintana Roo,31.9187
01/10/2015,Quintana Roo,30.8978
01/01/2016,Quintana Roo,30.062
01/04/2016,Quintana Roo,33.0604
01/07/2016,Quintana Roo,34.6213
01/10/2016,Quintana Roo,35.635
01/01/2017,Quintana Roo,34.2468
01/04/2017,Quintana Roo,36.8367
01/07/2017,Quintana Roo,39.0073
01/10/2017,Quintana Roo,40.2227
01/01/2018,Quintana Roo,38.0704
01/04/2018,Quintana Roo,43.0705
01/07/2018,Quintana Roo,43.9963
01/10/2018,Quintana Roo,46.0284
01/01/2019,Quintana Roo,42.7662
01/04/2019,Quintana Roo,50.5197
01/07/2019,Quintana Roo,50.706
01/10/2019,Quintana Roo,47.7957
01/01/2020,Quintana Roo,45.7895
01/04/2020,Quintana Roo,44.3404
01/07/2020,Quintana Roo,91.2114
01/10/2020,Quintana Roo,65.8842
01/01/2021,Quintana Roo,67.2796
01/04/2021,Quintana Roo,82.1979
01/07/2021,Quintana Roo,81.7422
01/10/2021,Quintana Roo,84.7749
01/01/2022,Quintana Roo,85.3336
01/04/2022,Quintana Roo,95.9925
01/07/2022,Quintana Roo,100.6103
01/10/2022,Quintana Roo,109.8498
01/01/2023,Quintana Roo,93.1642
01/04/2023,Quintana Roo,96.8382
01/07/2023,Quintana Roo,104.0121
01/10/2023,Quintana Roo,103.1259
01/01/2024,Quintana Roo,95.1348
01/04/2024,Quintana Roo,108.3609
01/07/2024,Quintana Roo,98.4964
01/10/2024,Quintana Roo,93.53
01/01/2025,Quintana Roo,84.7478
01/04/2025,Quintana Roo,84.425
01/01/2003,San Luis Potosí,79.0674
01/04/2003,San Luis Potosí,103.3746
01/07/2003,San Luis Potosí,118.1059
01/10/2003,San Luis Potosí,102.9541
01/01/2004,San Luis Potosí,94.8223
01/04/2004,San Luis Potosí,127.6238
01/07/2004,San Luis Potosí,132.4156
01/10/2004,San Luis Potosí,114.3481
01/01/2005,San Luis Potosí,114.1842
01/04/2005,San Luis Potosí,150.1898
01/07/2005,San Luis Potosí,151.3164
01/10/2005,San Luis Potosí,146.6186
01/01/2006,San Luis Potosí,151.894
01/04/2006,San Luis Potosí,195.0381
01/07/2006,San Luis Potosí,193.1353
01/10/2006,San Luis Potosí,174.422
01/01/2007,San Luis Potosí,167.3357
01/04/2007,San Luis Potosí,210.4554
01/07/2007,San Luis Potosí,221.1007
01/10/2007,San Luis Potosí,198.8259
01/01/2008,San Luis Potosí,173.0623
01/04/2008,San Luis Potosí,220.6664
01/07/2008,San Luis Potosí,203.4459
01/10/2008,San Luis Potosí,195.2902
01/01/2009,San Luis Potosí,166.7462
01/04/2009,San Luis Potosí,174.8228
01/07/2009,San Luis Potosí,167.5941
01/10/2009,San Luis Potosí,141.6382
01/01/2010,San Luis Potosí,141.783
01/04/2010,San Luis Potosí,177.1231
01/07/2010,San Luis Potosí,172.3943
01/10/2010,San Luis Potosí,158.4331
01/01/2011,San Luis Potosí,149.3502
01/04/2011,San Luis Potosí,196.3183
01/07/2011,San Luis Potosí,197.9334
01/10/2011,San Luis Potosí,180.1111
01/01/2012,San Luis Potosí,169.756
01/04/2012,San Luis Potosí,217.0191
01/07/2012,San Luis Potosí,194.1882
01/10/2012,San Luis Potosí,185.7399
01/01/2013,San Luis Potosí,161.6781
01/04/2013,San Luis Potosí,201.64
01/07/2013,San Luis Potosí,191.5314
01/10/2013,San Luis Potosí,178.1055
01/01/2014,San Luis Potosí,169.8057
01/04/2014,San Luis Potosí,206.4343
01/07/2014,San Luis Potosí,209.1517
01/10/2014,San Luis Potosí,209.916
01/01/2015,San Luis Potosí,184.6192
01/04/2015,San Luis Potosí,220.1102
01/07/2015,San Luis Potosí,242.2605
01/10/2015,San Luis Potosí,222.7672
01/01/2016,San Luis Potosí,211.5185
01/04/2016,San Luis Potosí,252.9287
01/07/2016,San Luis Potosí,262.503
01/10/2016,San Luis Potosí,259.3241
01/01/2017,San Luis Potosí,249.6668
01/04/2017,San Luis Potosí,295.201
01/07/2017,San Luis Potosí,302.2034
01/10/2017,San Luis Potosí,309.6314
01/01/2018,San Luis Potosí,261.9332
01/04/2018,San Luis Potosí,347.8528
01/07/2018,San Luis Potosí,333.3357
01/10/2018,San Luis Potosí,330.3372
01/01/2019,San Luis Potosí,287.8484
01/04/2019,San Luis Potosí,360.6109
01/07/2019,San Luis Potosí,379.7292
01/10/2019,San Luis Potosí,352.909
01/01/2020,San Luis Potosí,335.8095
01/04/2020,San Luis Potosí,379.3957
01/07/2020,San Luis Potosí,373.272
01/10/2020,San Luis Potosí,382.4196
01/01/2021,San Luis Potosí,349.7173
01/04/2021,San Luis Potosí,457.9273
01/07/2021,San Luis Potosí,463.9815
01/10/2021,San Luis Potosí,486.6718
01/01/2022,San Luis Potosí,413.7176
01/04/2022,San Luis Potosí,514.8587
01/07/2022,San Luis Potosí,540.9086
01/10/2022,San Luis Potosí,532.7192
01/01/2023,San Luis Potosí,446.124
01/04/2023,San Luis Potosí,540.656
01/07/2023,San Luis Potosí,560.869
01/10/2023,San Luis Potosí,523.8752
01/01/2024,San Luis Potosí,434.712
01/04/2024,San Luis Potosí,546.6032
01/07/2024,San Luis Potosí,560.6488
01/10/2024,San Luis Potosí,541.3933
01/01/2025,San Luis Potosí,449.5496
01/04/2025,San Luis Potosí,518.5641
01/01/2003,Sinaloa,69.2493
01/04/2003,Sinaloa,83.2809
01/07/2003,Sinaloa,85.0878
01/10/2003,Sinaloa,82.8952
01/01/2004,Sinaloa,80.152
01/04/2004,Sinaloa,100.6677
01/07/2004,Sinaloa,100.3545
01/10/2004,Sinaloa,92.8462
01/01/2005,Sinaloa,95.5535
01/04/2005,Sinaloa,119.0398
01/07/2005,Sinaloa,119.091
01/10/2005,Sinaloa,117.4473
01/01/2006,Sinaloa,115.7903
01/04/2006,Sinaloa,135.6063
01/07/2006,Sinaloa,129.1623
01/10/2006,Sinaloa,122.6601
01/01/2007,Sinaloa,123.1669
01/04/2007,Sinaloa,140.3554
01/07/2007,Sinaloa,140.0482
01/10/2007,Sinaloa,132.0129
01/01/2008,Sinaloa,123.0547
01/04/2008,Sinaloa,138.9091
01/07/2008,Sinaloa,122.4518
01/10/2008,Sinaloa,123.4016
01/01/2009,Sinaloa,122.2856
01/04/2009,Sinaloa,123.5669
01/07/2009,Sinaloa,117.2274
01/10/2009,Sinaloa,111.1666
01/01/2010,Sinaloa,114.8722
01/04/2010,Sinaloa,129.7153
01/07/2010,Sinaloa,120.8819
01/10/2010,Sinaloa,119.9269
01/01/2011,Sinaloa,121.6886
01/04/2011,Sinaloa,138.4294
01/07/2011,Sinaloa,138.4198
01/10/2011,Sinaloa,129.9777
01/01/2012,Sinaloa,128.8188
01/04/2012,Sinaloa,145.3375
01/07/2012,Sinaloa,125.8276
01/10/2012,Sinaloa,120.1879
01/01/2013,Sinaloa,123.323
01/04/2013,Sinaloa,141.5998
01/07/2013,Sinaloa,131.0802
01/10/2013,Sinaloa,125.0301
01/01/2014,Sinaloa,130.9992
01/04/2014,Sinaloa,138.4228
01/07/2014,Sinaloa,126.045
01/10/2014,Sinaloa,136.6455
01/01/2015,Sinaloa,132.7398
01/04/2015,Sinaloa,138.1601
01/07/2015,Sinaloa,137.3537
01/10/2015,Sinaloa,132.7199
01/01/2016,Sinaloa,139.6086
01/04/2016,Sinaloa,150.3961
01/07/2016,Sinaloa,170.1513
01/10/2016,Sinaloa,177.5558
01/01/2017,Sinaloa,174.1145
01/04/2017,Sinaloa,188.3387
01/07/2017,Sinaloa,181.627
01/10/2017,Sinaloa,195.4723
01/01/2018,Sinaloa,179.5092
01/04/2018,Sinaloa,217.223
01/07/2018,Sinaloa,203.8557
01/10/2018,Sinaloa,228.8574
01/01/2019,Sinaloa,206.632
01/04/2019,Sinaloa,241.9388
01/07/2019,Sinaloa,247.4502
01/10/2019,Sinaloa,250.8926
01/01/2020,Sinaloa,245.7283
01/04/2020,Sinaloa,284.2
01/07/2020,Sinaloa,269.2044
01/10/2020,Sinaloa,272.7986
01/01/2021,Sinaloa,275.9201
01/04/2021,Sinaloa,312.4991
01/07/2021,Sinaloa,298.0015
01/10/2021,Sinaloa,300.3731
01/01/2022,Sinaloa,280.6366
01/04/2022,Sinaloa,321.1115
01/07/2022,Sinaloa,303.8666
01/10/2022,Sinaloa,311.3728
01/01/2023,Sinaloa,268.7839
01/04/2023,Sinaloa,299.7599
01/07/2023,Sinaloa,276.0746
01/10/2023,Sinaloa,268.5889
01/01/2024,Sinaloa,227.7573
01/04/2024,Sinaloa,255.6643
01/07/2024,Sinaloa,224.308
01/10/2024,Sinaloa,208.5136
01/01/2025,Sinaloa,175.5608
01/04/2025,Sinaloa,184.4676
01/01/2003,Sonora,27.583
01/04/2003,Sonora,31.9094
01/07/2003,Sonora,35.8036
01/10/2003,Sonora,33.0345
01/01/2004,Sonora,35.7754
01/04/2004,Sonora,45.7665
01/07/2004,Sonora,46.1227
01/10/2004,Sonora,42.7561
01/01/2005,Sonora,62.7161
01/04/2005,Sonora,81.6243
01/07/2005,Sonora,76.4806
01/10/2005,Sonora,73.9052
01/01/2006,Sonora,86.2704
01/04/2006,Sonora,92.2918
01/07/2006,Sonora,77.3179
01/10/2006,Sonora,70.0857
01/01/2007,Sonora,77.4321
01/04/2007,Sonora,92.5671
01/07/2007,Sonora,90.7758
01/10/2007,Sonora,79.4747
01/01/2008,Sonora,80.3023
01/04/2008,Sonora,93.8186
01/07/2008,Sonora,79.9125
01/10/2008,Sonora,69.7727
01/01/2009,Sonora,72.7557
01/04/2009,Sonora,79.0286
01/07/2009,Sonora,74.2439
01/10/2009,Sonora,63.3619
01/01/2010,Sonora,70.2467
01/04/2010,Sonora,78.7343
01/07/2010,Sonora,74.5977
01/10/2010,Sonora,77.8468
01/01/2011,Sonora,84.7781
01/04/2011,Sonora,89.3527
01/07/2011,Sonora,84.4968
01/10/2011,Sonora,78.9298
01/01/2012,Sonora,85.5818
01/04/2012,Sonora,94.8837
01/07/2012,Sonora,80.4675
01/10/2012,Sonora,78.1834
01/01/2013,Sonora,83.5985
01/04/2013,Sonora,97.2078
01/07/2013,Sonora,87.1869
01/10/2013,Sonora,85.6587
01/01/2014,Sonora,82.9291
01/04/2014,Sonora,92.4417
01/07/2014,Sonora,85.7024
01/10/2014,Sonora,87.3769
01/01/2015,Sonora,87.2502
01/04/2015,Sonora,126.7679
01/07/2015,Sonora,97.7115
01/10/2015,Sonora,97.3587
01/01/2016,Sonora,101.8644
01/04/2016,Sonora,115.0463
01/07/2016,Sonora,104.106
01/10/2016,Sonora,101.6069
01/01/2017,Sonora,102.4174
01/04/2017,Sonora,114.0873
01/07/2017,Sonora,118.5469
01/10/2017,Sonora,124.5585
01/01/2018,Sonora,114.8854
01/04/2018,Sonora,145.356
01/07/2018,Sonora,139.0026
01/10/2018,Sonora,146.2338
01/01/2019,Sonora,135.0482
01/04/2019,Sonora,160.0021
01/07/2019,Sonora,160.271
01/10/2019,Sonora,152.593
01/01/2020,Sonora,159.0148
01/04/2020,Sonora,188.7435
01/07/2020,Sonora,195.2659
01/10/2020,Sonora,185.5949
01/01/2021,Sonora,190.7774
01/04/2021,Sonora,233.7606
01/07/2021,Sonora,227.5538
01/10/2021,Sonora,230.9612
01/01/2022,Sonora,207.0722
01/04/2022,Sonora,239.5015
01/07/2022,Sonora,231.1627
01/10/2022,Sonora,232.8015
01/01/2023,Sonora,211.4501
01/04/2023,Sonora,235.5338
01/07/2023,Sonora,237.9506
01/10/2023,Sonora,230.5151
01/01/2024,Sonora,196.3126
01/04/2024,Sonora,223.63
01/07/2024,Sonora,217.5605
01/10/2024,Sonora,207.2332
01/01/2025,Sonora,178.1236
01/04/2025,Sonora,174.7918
01/01/2003,Tabasco,17.3948
01/04/2003,Tabasco,21.6538
01/07/2003,Tabasco,23.3703
01/10/2003,Tabasco,23.4745
01/01/2004,Tabasco,20.2184
01/04/2004,Tabasco,27.8028
01/07/2004,Tabasco,29.571
01/10/2004,Tabasco,27.6926
01/01/2005,Tabasco,30.4254
01/04/2005,Tabasco,41.0172
01/07/2005,Tabasco,42.4056
01/10/2005,Tabasco,42.6102
01/01/2006,Tabasco,42.2574
01/04/2006,Tabasco,51.5967
01/07/2006,Tabasco,49.0842
01/10/2006,Tabasco,44.9006
01/01/2007,Tabasco,41.3904
01/04/2007,Tabasco,49.0696
01/07/2007,Tabasco,51.785
01/10/2007,Tabasco,45.0288
01/01/2008,Tabasco,38.3005
01/04/2008,Tabasco,46.3191
01/07/2008,Tabasco,41.4897
01/10/2008,Tabasco,36.3625
01/01/2009,Tabasco,31.7134
01/04/2009,Tabasco,32.0792
01/07/2009,Tabasco,29.6859
01/10/2009,Tabasco,25.3306
01/01/2010,Tabasco,26.6289
01/04/2010,Tabasco,32.0822
01/07/2010,Tabasco,30.037
01/10/2010,Tabasco,26.1889
01/01/2011,Tabasco,26.2427
01/04/2011,Tabasco,31.7424
01/07/2011,Tabasco,30.8059
01/10/2011,Tabasco,26.5814
01/01/2012,Tabasco,27.9958
01/04/2012,Tabasco,33.4475
01/07/2012,Tabasco,28.2191
01/10/2012,Tabasco,25.8024
01/01/2013,Tabasco,26.6848
01/04/2013,Tabasco,35.1672
01/07/2013,Tabasco,31.1105
01/10/2013,Tabasco,28.554
01/01/2014,Tabasco,31.5175
01/04/2014,Tabasco,39.3177
01/07/2014,Tabasco,32.4768
01/10/2014,Tabasco,32.119
01/01/2015,Tabasco,29.2319
01/04/2015,Tabasco,86.626
01/07/2015,Tabasco,35.1238
01/10/2015,Tabasco,34.6833
01/01/2016,Tabasco,33.1725
01/04/2016,Tabasco,41.2274
01/07/2016,Tabasco,41.0296
01/10/2016,Tabasco,43.1586
01/01/2017,Tabasco,38.4931
01/04/2017,Tabasco,40.9217
01/07/2017,Tabasco,44.7005
01/10/2017,Tabasco,45.5544
01/01/2018,Tabasco,43.5297
01/04/2018,Tabasco,55.9748
01/07/2018,Tabasco,55.9602
01/10/2018,Tabasco,59.0947
01/01/2019,Tabasco,60.972
01/04/2019,Tabasco,81.8382
01/07/2019,Tabasco,64.6077
01/10/2019,Tabasco,51.1013
01/01/2020,Tabasco,60.7735
01/04/2020,Tabasco,57.9612
01/07/2020,Tabasco,89.6021
01/10/2020,Tabasco,80.4264
01/01/2021,Tabasco,89.5436
01/04/2021,Tabasco,112.5955
01/07/2021,Tabasco,121.4844
01/10/2021,Tabasco,116.4255
01/01/2022,Tabasco,98.7286
01/04/2022,Tabasco,109.3071
01/07/2022,Tabasco,109.3871
01/10/2022,Tabasco,114.5818
01/01/2023,Tabasco,94.7219
01/04/2023,Tabasco,104.9889
01/07/2023,Tabasco,118.2718
01/10/2023,Tabasco,102.1189
01/01/2024,Tabasco,87.1131
01/04/2024,Tabasco,102.5982
01/07/2024,Tabasco,97.2223
01/10/2024,Tabasco,94.8726
01/01/2025,Tabasco,79.0727
01/04/2025,Tabasco,83.4393
01/01/2003,Tamaulipas,49.4152
01/04/2003,Tamaulipas,59.2699
01/07/2003,Tamaulipas,65.1417
01/10/2003,Tamaulipas,60.636
01/01/2004,Tamaulipas,57.9866
01/04/2004,Tamaulipas,77.5918
01/07/2004,Tamaulipas,78.5468
01/10/2004,Tamaulipas,69.978
01/01/2005,Tamaulipas,85.8051
01/04/2005,Tamaulipas,115.4852
01/07/2005,Tamaulipas,113.909
01/10/2005,Tamaulipas,110.1342
01/01/2006,Tamaulipas,116.3313
01/04/2006,Tamaulipas,135.3509
01/07/2006,Tamaulipas,127.3751
01/10/2006,Tamaulipas,117.6697
01/01/2007,Tamaulipas,113.4882
01/04/2007,Tamaulipas,142.4333
01/07/2007,Tamaulipas,144.9221
01/10/2007,Tamaulipas,128.4833
01/01/2008,Tamaulipas,121.3482
01/04/2008,Tamaulipas,143.6942
01/07/2008,Tamaulipas,134.1864
01/10/2008,Tamaulipas,122.1155
01/01/2009,Tamaulipas,108.8412
01/04/2009,Tamaulipas,113.6823
01/07/2009,Tamaulipas,112.3011
01/10/2009,Tamaulipas,96.047
01/01/2010,Tamaulipas,91.1031
01/04/2010,Tamaulipas,116.4248
01/07/2010,Tamaulipas,108.0687
01/10/2010,Tamaulipas,99.6772
01/01/2011,Tamaulipas,97.9872
01/04/2011,Tamaulipas,123.4672
01/07/2011,Tamaulipas,124.69
01/10/2011,Tamaulipas,113.7078
01/01/2012,Tamaulipas,116.1133
01/04/2012,Tamaulipas,144.1132
01/07/2012,Tamaulipas,126.805
01/10/2012,Tamaulipas,116.8392
01/01/2013,Tamaulipas,152.0139
01/04/2013,Tamaulipas,200.1238
01/07/2013,Tamaulipas,196.7237
01/10/2013,Tamaulipas,183.9219
01/01/2014,Tamaulipas,207.9029
01/04/2014,Tamaulipas,270.4151
01/07/2014,Tamaulipas,195.484
01/10/2014,Tamaulipas,185.0332
01/01/2015,Tamaulipas,146.7256
01/04/2015,Tamaulipas,190.6532
01/07/2015,Tamaulipas,185.0443
01/10/2015,Tamaulipas,171.7307
01/01/2016,Tamaulipas,151.3508
01/04/2016,Tamaulipas,177.171
01/07/2016,Tamaulipas,172.3028
01/10/2016,Tamaulipas,169.063
01/01/2017,Tamaulipas,157.9282
01/04/2017,Tamaulipas,183.3111
01/07/2017,Tamaulipas,197.6283
01/10/2017,Tamaulipas,201.7079
01/01/2018,Tamaulipas,174.4283
01/04/2018,Tamaulipas,219.9035
01/07/2018,Tamaulipas,213.1209
01/10/2018,Tamaulipas,207.5514
01/01/2019,Tamaulipas,189.314
01/04/2019,Tamaulipas,238.6958
01/07/2019,Tamaulipas,243.6002
01/10/2019,Tamaulipas,222.7624
01/01/2020,Tamaulipas,210.9486
01/04/2020,Tamaulipas,245.3812
01/07/2020,Tamaulipas,268.3049
01/10/2020,Tamaulipas,247.921
01/01/2021,Tamaulipas,243.0562
01/04/2021,Tamaulipas,305.8577
01/07/2021,Tamaulipas,307.5162
01/10/2021,Tamaulipas,295.3279
01/01/2022,Tamaulipas,239.2502
01/04/2022,Tamaulipas,299.19
01/07/2022,Tamaulipas,306.4333
01/10/2022,Tamaulipas,295.7469
01/01/2023,Tamaulipas,253.2878
01/04/2023,Tamaulipas,289.9144
01/07/2023,Tamaulipas,291.3638
01/10/2023,Tamaulipas,266.297
01/01/2024,Tamaulipas,216.9046
01/04/2024,Tamaulipas,265.9118
01/07/2024,Tamaulipas,267.936
01/10/2024,Tamaulipas,266.0127
01/01/2025,Tamaulipas,217.5481
01/04/2025,Tamaulipas,245.7585
01/01/2003,Tlaxcala,28.7751
01/04/2003,Tlaxcala,37.302
01/07/2003,Tlaxcala,41.8739
01/10/2003,Tlaxcala,41.2394
01/01/2004,Tlaxcala,35.4409
01/04/2004,Tlaxcala,47.0415
01/07/2004,Tlaxcala,56.3409
01/10/2004,Tlaxcala,46.2692
01/01/2005,Tlaxcala,41.3286
01/04/2005,Tlaxcala,57.3201
01/07/2005,Tlaxcala,63.8884
01/10/2005,Tlaxcala,58.5633
01/01/2006,Tlaxcala,54.08
01/04/2006,Tlaxcala,72.3303
01/07/2006,Tlaxcala,76.5805
01/10/2006,Tlaxcala,67.6929
01/01/2007,Tlaxcala,61.3728
01/04/2007,Tlaxcala,79.2785
01/07/2007,Tlaxcala,91.0369
01/10/2007,Tlaxcala,79.386
01/01/2008,Tlaxcala,66.0078
01/04/2008,Tlaxcala,84.0952
01/07/2008,Tlaxcala,88.083
01/10/2008,Tlaxcala,79.7051
01/01/2009,Tlaxcala,63.3442
01/04/2009,Tlaxcala,69.8857
01/07/2009,Tlaxcala,74.5886
01/10/2009,Tlaxcala,60.938
01/01/2010,Tlaxcala,53.9327
01/04/2010,Tlaxcala,72.1495
01/07/2010,Tlaxcala,76.3953
01/10/2010,Tlaxcala,64.3772
01/01/2011,Tlaxcala,59.0656
01/04/2011,Tlaxcala,75.2612
01/07/2011,Tlaxcala,83.0669
01/10/2011,Tlaxcala,66.1368
01/01/2012,Tlaxcala,60.2174
01/04/2012,Tlaxcala,75.4842
01/07/2012,Tlaxcala,67.5034
01/10/2012,Tlaxcala,59.6148
01/01/2013,Tlaxcala,48.1579
01/04/2013,Tlaxcala,60.6052
01/07/2013,Tlaxcala,61.752
01/10/2013,Tlaxcala,54.5884
01/01/2014,Tlaxcala,47.9059
01/04/2014,Tlaxcala,58.1217
01/07/2014,Tlaxcala,63.2186
01/10/2014,Tlaxcala,57.0871
01/01/2015,Tlaxcala,49.8837
01/04/2015,Tlaxcala,133.9283
01/07/2015,Tlaxcala,65.6519
01/10/2015,Tlaxcala,56.197
01/01/2016,Tlaxcala,50.5432
01/04/2016,Tlaxcala,61.5584
01/07/2016,Tlaxcala,67.4244
01/10/2016,Tlaxcala,60.3271
01/01/2017,Tlaxcala,55.6646
01/04/2017,Tlaxcala,64.9237
01/07/2017,Tlaxcala,70.6561
01/10/2017,Tlaxcala,65.8614
01/01/2018,Tlaxcala,53.1842
01/04/2018,Tlaxcala,70.252
01/07/2018,Tlaxcala,72.4503
01/10/2018,Tlaxcala,67.7993
01/01/2019,Tlaxcala,55.2503
01/04/2019,Tlaxcala,70.0513
01/07/2019,Tlaxcala,75.0443
01/10/2019,Tlaxcala,63.3885
01/01/2020,Tlaxcala,55.2842
01/04/2020,Tlaxcala,56.7687
01/07/2020,Tlaxcala,73.2069
01/10/2020,Tlaxcala,67.14
01/01/2021,Tlaxcala,61.2156
01/04/2021,Tlaxcala,81.7915
01/07/2021,Tlaxcala,91.9608
01/10/2021,Tlaxcala,89.3757
01/01/2022,Tlaxcala,73.8375
01/04/2022,Tlaxcala,97.5404
01/07/2022,Tlaxcala,113.3591
01/10/2022,Tlaxcala,103.1258
01/01/2023,Tlaxcala,85.4077
01/04/2023,Tlaxcala,105.419
01/07/2023,Tlaxcala,118.4613
01/10/2023,Tlaxcala,104.9092
01/01/2024,Tlaxcala,85.1729
01/04/2024,Tlaxcala,109.2706
01/07/2024,Tlaxcala,113.951
01/10/2024,Tlaxcala,103.0897
01/01/2025,Tlaxcala,86.5515
01/04/2025,Tlaxcala,101.2541
01/01/2003,Veracruz,209.5491
01/04/2003,Veracruz,255.6134
01/07/2003,Veracruz,263.1958
01/10/2003,Veracruz,270.8241
01/01/2004,Veracruz,233.0826
01/04/2004,Veracruz,312.2909
01/07/2004,Veracruz,322.8215
01/10/2004,Veracruz,299.8576
01/01/2005,Veracruz,279.4688
01/04/2005,Veracruz,360.141
01/07/2005,Veracruz,365.6277
01/10/2005,Veracruz,368.2441
01/01/2006,Veracruz,366.8171
01/04/2006,Veracruz,463.0845
01/07/2006,Veracruz,437.5936
01/10/2006,Veracruz,413.2864
01/01/2007,Veracruz,392.4725
01/04/2007,Veracruz,466.6337
01/07/2007,Veracruz,514.4294
01/10/2007,Veracruz,446.2357
01/01/2008,Veracruz,386.4662
01/04/2008,Veracruz,463.9612
01/07/2008,Veracruz,429.8683
01/10/2008,Veracruz,404.9115
01/01/2009,Veracruz,355.3641
01/04/2009,Veracruz,358.3967
01/07/2009,Veracruz,338.8402
01/10/2009,Veracruz,293.4791
01/01/2010,Veracruz,290.8469
01/04/2010,Veracruz,358.0955
01/07/2010,Veracruz,334.7236
01/10/2010,Veracruz,293.7431
01/01/2011,Veracruz,300.5398
01/04/2011,Veracruz,364.6614
01/07/2011,Veracruz,351.2522
01/10/2011,Veracruz,298.1385
01/01/2012,Veracruz,298.2641
01/04/2012,Veracruz,362.1969
01/07/2012,Veracruz,286.2304
01/10/2012,Veracruz,273.6681
01/01/2013,Veracruz,247.2619
01/04/2013,Veracruz,300.8486
01/07/2013,Veracruz,270.8092
01/10/2013,Veracruz,246.8544
01/01/2014,Veracruz,244.8254
01/04/2014,Veracruz,289.1739
01/07/2014,Veracruz,278.8233
01/10/2014,Veracruz,270.6171
01/01/2015,Veracruz,256.3582
01/04/2015,Veracruz,271.8764
01/07/2015,Veracruz,293.7455
01/10/2015,Veracruz,269.3919
01/01/2016,Veracruz,266.6821
01/04/2016,Veracruz,302.2556
01/07/2016,Veracruz,292.0059
01/10/2016,Veracruz,294.8462
01/01/2017,Veracruz,312.6431
01/04/2017,Veracruz,337.513
01/07/2017,Veracruz,336.2566
01/10/2017,Veracruz,337.8516
01/01/2018,Veracruz,297.5639
01/04/2018,Veracruz,385.9274
01/07/2018,Veracruz,371.7588
01/10/2018,Veracruz,370.254
01/01/2019,Veracruz,331.1402
01/04/2019,Veracruz,407.0727
01/07/2019,Veracruz,430.0184
01/10/2019,Veracruz,384.8649
01/01/2020,Veracruz,379.4241
01/04/2020,Veracruz,390.2898
01/07/2020,Veracruz,464.0019
01/10/2020,Veracruz,433.7246
01/01/2021,Veracruz,414.639
01/04/2021,Veracruz,525.557
01/07/2021,Veracruz,564.9517
01/10/2021,Veracruz,574.2809
01/01/2022,Veracruz,489.1923
01/04/2022,Veracruz,601.5335
01/07/2022,Veracruz,640.8895
01/10/2022,Veracruz,635.8279
01/01/2023,Veracruz,561.9751
01/04/2023,Veracruz,677.4116
01/07/2023,Veracruz,698.7525
01/10/2023,Veracruz,635.6698
01/01/2024,Veracruz,545.0679
01/04/2024,Veracruz,695.8827
01/07/2024,Veracruz,695.7069
01/10/2024,Veracruz,666.0275
01/01/2025,Veracruz,594.4525
01/04/2025,Veracruz,658.5997
01/01/2003,Yucatán,12.1488
01/04/2003,Yucatán,14.2889
01/07/2003,Yucatán,17.0359
01/10/2003,Yucatán,16.9372
01/01/2004,Yucatán,15.8887
01/04/2004,Yucatán,19.5704
01/07/2004,Yucatán,20.3736
01/10/2004,Yucatán,19.9137
01/01/2005,Yucatán,19.8693
01/04/2005,Yucatán,23.8946
01/07/2005,Yucatán,24.3301
01/10/2005,Yucatán,26.043
01/01/2006,Yucatán,26.3358
01/04/2006,Yucatán,30.9908
01/07/2006,Yucatán,32.2582
01/10/2006,Yucatán,32.4936
01/01/2007,Yucatán,31.3431
01/04/2007,Yucatán,34.6835
01/07/2007,Yucatán,37.7478
01/10/2007,Yucatán,36.351
01/01/2008,Yucatán,34.2044
01/04/2008,Yucatán,38.6458
01/07/2008,Yucatán,35.7494
01/10/2008,Yucatán,33.1232
01/01/2009,Yucatán,29.2025
01/04/2009,Yucatán,29.9843
01/07/2009,Yucatán,28.5846
01/10/2009,Yucatán,26.3823
01/01/2010,Yucatán,28.2736
01/04/2010,Yucatán,30.3792
01/07/2010,Yucatán,30.0846
01/10/2010,Yucatán,27.5951
01/01/2011,Yucatán,28.2943
01/04/2011,Yucatán,31.7978
01/07/2011,Yucatán,32.3218
01/10/2011,Yucatán,29.2371
01/01/2012,Yucatán,30.1081
01/04/2012,Yucatán,33.187
01/07/2012,Yucatán,30.2373
01/10/2012,Yucatán,30.1783
01/01/2013,Yucatán,31.0417
01/04/2013,Yucatán,35.0717
01/07/2013,Yucatán,32.9281
01/10/2013,Yucatán,31.0211
01/01/2014,Yucatán,31.6287
01/04/2014,Yucatán,34.0851
01/07/2014,Yucatán,34.3849
01/10/2014,Yucatán,33.4831
01/01/2015,Yucatán,33.3567
01/04/2015,Yucatán,40.4993
01/07/2015,Yucatán,35.8679
01/10/2015,Yucatán,33.8099
01/01/2016,Yucatán,33.5489
01/04/2016,Yucatán,37.4111
01/07/2016,Yucatán,38.0404
01/10/2016,Yucatán,37.4445
01/01/2017,Yucatán,42.2154
01/04/2017,Yucatán,46.3342
01/07/2017,Yucatán,47.9216
01/10/2017,Yucatán,48.1472
01/01/2018,Yucatán,45.1367
01/04/2018,Yucatán,53.9206
01/07/2018,Yucatán,53.2756
01/10/2018,Yucatán,54.6264
01/01/2019,Yucatán,49.5519
01/04/2019,Yucatán,58.1445
01/07/2019,Yucatán,60.9526
01/10/2019,Yucatán,58.8732
01/01/2020,Yucatán,60.0894
01/04/2020,Yucatán,46.7849
01/07/2020,Yucatán,76.962
01/10/2020,Yucatán,67.9033
01/01/2021,Yucatán,67.8853
01/04/2021,Yucatán,86.1443
01/07/2021,Yucatán,91.5092
01/10/2021,Yucatán,96.3524
01/01/2022,Yucatán,85.4148
01/04/2022,Yucatán,98.7725
01/07/2022,Yucatán,104.9146
01/10/2022,Yucatán,107.5404
01/01/2023,Yucatán,98.6438
01/04/2023,Yucatán,109.5979
01/07/2023,Yucatán,117.2276
01/10/2023,Yucatán,108.792
01/01/2024,Yucatán,104.3642
01/04/2024,Yucatán,118.0845
01/07/2024,Yucatán,118.2599
01/10/2024,Yucatán,113.263
01/01/2025,Yucatán,107.7026
01/04/2025,Yucatán,113.9211
01/01/2003,Zacatecas,85.7964
01/04/2003,Zacatecas,105.5812
01/07/2003,Zacatecas,107.3841
01/10/2003,Zacatecas,103.6052
01/01/2004,Zacatecas,101.06
01/04/2004,Zacatecas,133.6355
01/07/2004,Zacatecas,131.3582
01/10/2004,Zacatecas,118.5583
01/01/2005,Zacatecas,114.2931
01/04/2005,Zacatecas,146.3476
01/07/2005,Zacatecas,141.5848
01/10/2005,Zacatecas,138.2595
01/01/2006,Zacatecas,148.0112
01/04/2006,Zacatecas,185.3214
01/07/2006,Zacatecas,174.4959
01/10/2006,Zacatecas,159.8963
01/01/2007,Zacatecas,158.6429
01/04/2007,Zacatecas,186.0832
01/07/2007,Zacatecas,188.2372
01/10/2007,Zacatecas,171.0564
01/01/2008,Zacatecas,159.7834
01/04/2008,Zacatecas,200.0078
01/07/2008,Zacatecas,176.6652
01/10/2008,Zacatecas,173.3871
01/01/2009,Zacatecas,160.6455
01/04/2009,Zacatecas,160.7035
01/07/2009,Zacatecas,144.821
01/10/2009,Zacatecas,129.1572
01/01/2010,Zacatecas,141.6232
01/04/2010,Zacatecas,163.7651
01/07/2010,Zacatecas,153.4912
01/10/2010,Zacatecas,141.5994
01/01/2011,Zacatecas,146.8972
01/04/2011,Zacatecas,173.4025
01/07/2011,Zacatecas,171.0577
01/10/2011,Zacatecas,154.4978
01/01/2012,Zacatecas,158.2811
01/04/2012,Zacatecas,194.0162
01/07/2012,Zacatecas,165.1662
01/10/2012,Zacatecas,161.7389
01/01/2013,Zacatecas,146.9413
01/04/2013,Zacatecas,181.7336
01/07/2013,Zacatecas,169.1923
01/10/2013,Zacatecas,159.4154
01/01/2014,Zacatecas,162.1986
01/04/2014,Zacatecas,186.3139
01/07/2014,Zacatecas,185.4834
01/10/2014,Zacatecas,190.1937
01/01/2015,Zacatecas,180.2276
01/04/2015,Zacatecas,190.524
01/07/2015,Zacatecas,210.319
01/10/2015,Zacatecas,195.4172
01/01/2016,Zacatecas,198.8815
01/04/2016,Zacatecas,234.5124
01/07/2016,Zacatecas,235.6607
01/10/2016,Zacatecas,233.9934
01/01/2017,Zacatecas,229.8256
01/04/2017,Zacatecas,268.2349
01/07/2017,Zacatecas,268.5894
01/10/2017,Zacatecas,268.8102
01/01/2018,Zacatecas,234.6639
01/04/2018,Zacatecas,313.4984
01/07/2018,Zacatecas,287.9815
01/10/2018,Zacatecas,292.9016
01/01/2019,Zacatecas,249.8199
01/04/2019,Zacatecas,303.2887
01/07/2019,Zacatecas,316.1131
01/10/2019,Zacatecas,290.7105
01/01/2020,Zacatecas,300.1382
01/04/2020,Zacatecas,315.1067
01/07/2020,Zacatecas,309.8927
01/10/2020,Zacatecas,316.9956
01/01/2021,Zacatecas,333.6622
01/04/2021,Zacatecas,424.104
01/07/2021,Zacatecas,425.2026
01/10/2021,Zacatecas,428.9996
01/01/2022,Zacatecas,362.2658
01/04/2022,Zacatecas,451.9155
01/07/2022,Zacatecas,472.6336
01/10/2022,Zacatecas,457.3083
01/01/2023,Zacatecas,394.0087
01/04/2023,Zacatecas,474.0304
01/07/2023,Zacatecas,488.0144
01/10/2023,Zacatecas,460.1947
01/01/2024,Zacatecas,398.4596
01/04/2024,Zacatecas,501.6427
01/07/2024,Zacatecas,516.0855
01/10/2024,Zacatecas,490.5496
01/01/2025,Zacatecas,420.2168
01/04/2025,Zacatecas,482.2159
01/01/2003,TOTAL,3170.1267
01/04/2003,TOTAL,3904.6473
01/07/2003,TOTAL,4128.1167
01/10/2003,TOTAL,3935.7957
01/01/2004,TOTAL,3733.8612
01/04/2004,TOTAL,4968.6377
01/07/2004,TOTAL,5028.0246
01/10/2004,TOTAL,4601.2245
01/01/2005,TOTAL,4487.5229
01/04/2005,TOTAL,5733.8606
01/07/2005,TOTAL,5785.514
01/10/2005,TOTAL,5681.3734
01/01/2006,TOTAL,5734.3317
01/04/2006,TOTAL,6947.5631
01/07/2006,TOTAL,6666.8889
01/10/2006,TOTAL,6218.0514
01/01/2007,TOTAL,5916.2313
01/04/2007,TOTAL,6947.7958
01/07/2007,TOTAL,7268.5161
01/10/2007,TOTAL,6563.3928
01/01/2008,TOTAL,5930.107
01/04/2008,TOTAL,7122.0572
01/07/2008,TOTAL,6685.5431
01/10/2008,TOTAL,6447.5089
01/01/2009,TOTAL,5728.0955
01/04/2009,TOTAL,5861.1389
01/07/2009,TOTAL,5591.705
01/10/2009,TOTAL,4942.7864
01/01/2010,TOTAL,5002.7508
01/04/2010,TOTAL,6023.0453
01/07/2010,TOTAL,5734.7852
01/10/2010,TOTAL,5230.7581
01/01/2011,TOTAL,5263.5211
01/04/2011,TOTAL,6266.3252
01/07/2011,TOTAL,6347.0218
01/10/2011,TOTAL,5670.4778
01/01/2012,TOTAL,5572.263
01/04/2012,TOTAL,6701.023
01/07/2012,TOTAL,5628.4468
01/10/2012,TOTAL,5384.5393
01/01/2013,TOTAL,5246.5573
01/04/2013,TOTAL,6294.5058
01/07/2013,TOTAL,5859.9608
01/10/2013,TOTAL,5689.0134
01/01/2014,TOTAL,5677.5885
01/04/2014,TOTAL,6386.8259
01/07/2014,TOTAL,6123.848
01/10/2014,TOTAL,6213.584
01/01/2015,TOTAL,5870.0104
01/04/2015,TOTAL,6493.4847
01/07/2015,TOTAL,6695.661
01/10/2015,TOTAL,6317.3519
01/01/2016,TOTAL,6335.4051
01/04/2016,TOTAL,7112.897
01/07/2016,TOTAL,7066.433
01/10/2016,TOTAL,7116.4087
01/01/2017,TOTAL,7065.3369
01/04/2017,TOTAL,7813.0774
01/07/2017,TOTAL,7892.509
01/10/2017,TOTAL,8171.9908
01/01/2018,TOTAL,7332.1379
01/04/2018,TOTAL,9273.2823
01/07/2018,TOTAL,8687.4218
01/10/2018,TOTAL,9142.2745
01/01/2019,TOTAL,8072.0972
01/04/2019,TOTAL,9695.3757
01/07/2019,TOTAL,10040.7286
01/10/2019,TOTAL,9442.2843
01/01/2020,TOTAL,9627.2396
01/04/2020,TOTAL,10155.1018
01/07/2020,TOTAL,10957.1663
01/10/2020,TOTAL,10964.4252
01/01/2021,TOTAL,10932.0037
01/04/2021,TOTAL,13450.4114
01/07/2021,TOTAL,13828.9907
01/10/2021,TOTAL,14311.1924
01/01/2022,TOTAL,12575.6656
01/04/2022,TOTAL,15073.0475
01/07/2022,TOTAL,15581.5674
01/10/2022,TOTAL,15637.5478
01/01/2023,TOTAL,13970.3156
01/04/2023,TOTAL,16267.1542
01/07/2023,TOTAL,16853.2845
01/10/2023,TOTAL,16227.9179
01/01/2024,TOTAL,14082.6426
01/04/2024,TOTAL,17243.8475
01/07/2024,TOTAL,17033.294
01/10/2024,TOTAL,16386.5975
01/01/2025,TOTAL,14253.7304
01/04/2025,TOTAL,15322.3271
